QUANTIFIER,REAL_PREVS,PRED_PREVS,BATCH_SIZE,ae,nae
CC,[0. 1.],[0. 1.],10,0.0,0.0
PCC,[0. 1.],[0.167 0.833],10,0.16698606707825792,0.08349651662425428
EMQ,[0. 1.],[0.5799388 0.4200612],10,0.5798904192371408,0.2899573052845676
FM,[0. 1.],[0.83097153 0.16902847],10,0.8309021966964938,0.4154684297527919
GAC,[0. 1.],[1. 0.],10,0.9999165693308859,0.4999791414626006
GPAC,[0. 1.],[1. 0.],10,0.9999165693308859,0.4999791414626006
PWK,[0. 1.],[0.1 0.9],10,0.09999165693308852,0.04999791414626002
ACC,[0. 1.],[1. 0.],10,0.9999165693308859,0.4999791414626006
MAX,[0. 1.],[0.07073202 0.92926798],10,0.07072612190615263,0.03536453619653521
MS,[0. 1.],[0. 1.],10,0.0,0.0
MS2,[0. 1.],[0.17152965 0.82847035],10,0.17151534071914426,0.08576124791872108
PACC,[0. 1.],[0.73556855 0.26443145],10,0.7355071813730086,0.36776893229055446
T50,[0. 1.],[0. 1.],10,0.0,0.0
X_method,[0. 1.],[0. 1.],10,0.0,0.0
DyS,[0. 1.],[0.03210466 0.96789534],10,0.03210198085413356,0.01605166002743502
DySsyn,[0. 1.],[4.45523940e-05 9.99955448e-01],10,4.454867701157418e-05,2.227526772603263e-05
HDy,[0. 1.],[0.04 0.96],10,0.0399966627732354,0.019999165658504008
SMM,[0. 1.],[0. 1.],10,0.0,0.0
SORD,[0. 1.],[0. 1.],10,0.0,0.0
HDx,[0. 1.],[0. 1.],10,0.0,0.0
CC,[0. 1.],[0.03333333 0.96666667],30,0.033330552311029486,0.016665971382086663
PCC,[0. 1.],[0.16966667 0.83033333],30,0.1696525112631403,0.08482979433482123
EMQ,[0. 1.],[4.78421873e-04 9.99521578e-01],30,0.0004783819581790329,0.0002392009574374823
FM,[0. 1.],[0.70426371 0.29573629],30,0.7042049489922793,0.352117163181405
GAC,[0. 1.],[0.12796224 0.87203776],30,0.1279515607825596,0.06397844927369568
GPAC,[0. 1.],[1. 0.],30,0.9999165693308859,0.4999791414626006
PWK,[0. 1.],[0.06666667 0.93333333],30,0.06666110462205903,0.03333194276417335
ACC,[0. 1.],[0. 1.],30,0.0,0.0
MAX,[0. 1.],[0. 1.],30,0.0,0.0
MS,[0. 1.],[0. 1.],30,0.0,0.0
MS2,[0. 1.],[0.04439933 0.95560067],30,0.044395626317406484,0.02219873918653515
PACC,[0. 1.],[0.74904225 0.25095775],30,0.7489797603358259,0.3745055027902553
T50,[0. 1.],[0. 1.],30,0.0,0.0
X_method,[0. 1.],[0.07073202 0.92926798],30,0.07072612190615263,0.03536453619653521
DyS,[0. 1.],[4.45523940e-05 9.99955448e-01],30,4.454867701157418e-05,2.227526772603263e-05
DySsyn,[0. 1.],[4.45523940e-05 9.99955448e-01],30,4.454867701157418e-05,2.227526772603263e-05
HDy,[0. 1.],[0. 1.],30,0.0,0.0
SMM,[0. 1.],[0. 1.],30,0.0,0.0
SORD,[0. 1.],[0. 1.],30,0.0,0.0
HDx,[0. 1.],[0. 1.],30,0.0,0.0
CC,[0. 1.],[0.06 0.94],50,0.05999499415985313,0.029998748487756022
PCC,[0. 1.],[0.1628 0.8372],50,0.16278641748706824,0.08139660423011139
EMQ,[0. 1.],[0.09755033 0.90244967],50,0.09754219350076515,0.048773131337873726
FM,[0. 1.],[0.37482725 0.62517275],50,0.374795981702411,0.18740580854720698
GAC,[0. 1.],[0.75007773 0.24992227],50,0.7500151487704534,0.3750232186042574
GPAC,[0. 1.],[0. 1.],50,0.0,0.0
PWK,[0. 1.],[0.02 0.98],50,0.01999833138661769,0.009999582829251999
ACC,[0. 1.],[0.25346121 0.74653879],50,0.25344006479399717,0.12672531878606857
MAX,[0. 1.],[0. 1.],50,0.0,0.0
MS,[0. 1.],[0. 1.],50,0.0,0.0
MS2,[0. 1.],[0.09525146 0.90474854],50,0.0952435120781015,0.04762374267940948
PACC,[0. 1.],[0.95923202 0.04076798],50,0.9591519921557743,0.4795960025855872
T50,[0. 1.],[0. 1.],50,0.0,0.0
X_method,[0. 1.],[0. 1.],50,0.0,0.0
DyS,[0. 1.],[4.45523940e-05 9.99955448e-01],50,4.454867701157418e-05,2.227526772603263e-05
DySsyn,[0. 1.],[4.45523940e-05 9.99955448e-01],50,4.454867701157418e-05,2.227526772603263e-05
HDy,[0. 1.],[0. 1.],50,0.0,0.0
SMM,[0. 1.],[0.10698259 0.89301741],50,0.10697366437837003,0.053489063503364194
SORD,[0. 1.],[0.45 0.55],50,0.44996245619889863,0.22499061365817025
HDx,[0. 1.],[0. 1.],50,0.0,0.0
CC,[0. 1.],[0. 1.],70,0.0,0.0
PCC,[0. 1.],[0.16528571 0.83471429],70,0.1652719243879764,0.08263940952460411
EMQ,[0. 1.],[0.34458617 0.65541383],70,0.34455742167253045,0.1722858978001314
FM,[0. 1.],[0.23364017 0.76635983],70,0.23362068038680045,0.11681521317909933
GAC,[0. 1.],[0. 1.],70,0.0,0.0
GPAC,[0. 1.],[0. 1.],70,0.0,0.0
PWK,[0. 1.],[0.02857143 0.97142857],70,0.02856904483802528,0.014285118327502858
ACC,[0. 1.],[0.09947603 0.90052397],70,0.09946773379037116,0.04973594164663088
MAX,[0. 1.],[0. 1.],70,0.0,0.0
MS,[0. 1.],[0. 1.],70,0.0,0.0
MS2,[0. 1.],[0.11704523 0.88295477],70,0.11703546311839925,0.058520172747784135
PACC,[0. 1.],[1. 0.],70,0.9999165693308859,0.4999791414626006
T50,[0. 1.],[0.13187888 0.86812112],70,0.13186787329582378,0.0659366872188788
X_method,[0. 1.],[0. 1.],70,0.0,0.0
DyS,[0. 1.],[0.16713553 0.83286447],70,0.1671215889876942,0.08356428040576123
DySsyn,[0. 1.],[4.45523940e-05 9.99955448e-01],70,4.454867701157418e-05,2.227526772603263e-05
HDy,[0. 1.],[0.04 0.96],70,0.0399966627732354,0.019999165658504008
SMM,[0. 1.],[0. 1.],70,0.0,0.0
SORD,[0. 1.],[0. 1.],70,0.0,0.0
HDx,[0. 1.],[0.05 0.95],70,0.04999582846654431,0.024998957073130035
CC,[0. 1.],[0.01111111 0.98888889],90,0.011110184103676441,0.005555323794028861
PCC,[0. 1.],[0.17655556 0.82344444],90,0.17654082540741972,0.08827409508711914
EMQ,[0. 1.],[0.16334319 0.83665681],90,0.1633295619155431,0.08166818777354719
FM,[0. 1.],[0. 1.],90,0.0,0.0
GAC,[0. 1.],[0.12796224 0.87203776],90,0.1279515607825596,0.06397844927369568
GPAC,[0. 1.],[0. 1.],90,0.0,0.0
PWK,[0. 1.],[0.02222222 0.97777778],90,0.02222036820735299,0.011110647588057776
ACC,[0. 1.],[0. 1.],90,0.0,0.0
MAX,[0. 1.],[0. 1.],90,0.0,0.0
MS,[0. 1.],[0.01392871 0.98607129],90,0.01392754989946826,0.006964065458054589
MS2,[0. 1.],[0.2562832 0.7437168],90,0.2562618169869695,0.1281362537401784
PACC,[0. 1.],[1. 0.],90,0.9999165693308859,0.4999791414626006
T50,[0. 1.],[0. 1.],90,0.0,0.0
X_method,[0. 1.],[0. 1.],90,0.0,0.0
DyS,[0. 1.],[4.45523940e-05 9.99955448e-01],90,4.454867701157418e-05,2.227526772603263e-05
DySsyn,[0. 1.],[4.45523940e-05 9.99955448e-01],90,4.454867701157418e-05,2.227526772603263e-05
HDy,[0. 1.],[0. 1.],90,0.0,0.0
SMM,[0. 1.],[0. 1.],90,0.0,0.0
SORD,[0. 1.],[0. 1.],90,0.0,0.0
HDx,[0. 1.],[0. 1.],90,0.0,0.0
CC,[0. 1.],[0.03636364 0.96363636],110,0.036360602521123095,0.018181059689549098
PCC,[0. 1.],[0.16181818 0.83818182],110,0.16180468121899783,0.08090571561849351
EMQ,[0. 1.],[0.08908651 0.91091349],110,0.0890790750904389,0.044541395604438726
FM,[0. 1.],[0.07073202 0.92926798],110,0.07072612207149759,0.035364536279211135
GAC,[0. 1.],[0.04716802 0.95283198],110,0.047164082140411054,0.023583024843976758
GPAC,[0. 1.],[0.0527422 0.9472578],110,0.05273780198789629,0.026370001027363272
PWK,[0. 1.],[0.03636364 0.96363636],110,0.036360602521123095,0.018181059689549098
ACC,[0. 1.],[0. 1.],110,0.0,0.0
MAX,[0. 1.],[0.00161948 0.99838052],110,0.0016193407064868618,0.0008097041303221195
MS,[0. 1.],[0.32695414 0.67304586],110,0.3269268591366357,0.16347024878443603
MS2,[0. 1.],[0. 1.],110,0.0,0.0
PACC,[0. 1.],[1. 0.],110,0.9999165693308859,0.4999791414626006
T50,[0. 1.],[0. 1.],110,0.0,0.0
X_method,[0. 1.],[0. 1.],110,0.0,0.0
DyS,[0. 1.],[4.45523940e-05 9.99955448e-01],110,4.454867701157418e-05,2.227526772603263e-05
DySsyn,[0. 1.],[4.45523940e-05 9.99955448e-01],110,4.454867701157418e-05,2.227526772603263e-05
HDy,[0. 1.],[0.05 0.95],110,0.04999582846654431,0.024998957073130035
SMM,[0. 1.],[0. 1.],110,0.0,0.0
SORD,[0. 1.],[0.06 0.94],110,0.05999499415985304,0.02999874848775598
HDx,[0. 1.],[0. 1.],110,0.0,0.0
CC,[0.11111111 0.88888889],[0. 1.],10,0.11110184103676507,0.062497066783473845
PCC,[0.11111111 0.88888889],[0.189 0.811],10,0.07788239056677236,0.04381044381521519
EMQ,[0.11111111 0.88888889],[0.61271534 0.38728466],10,0.5015623793587956,0.2821391367267427
FM,[0.11111111 0.88888889],[0. 1.],10,0.11110184103676507,0.062497066783473845
GAC,[0.11111111 0.88888889],[1. 0.],10,0.8888147282941208,0.4999765342677909
GPAC,[0.11111111 0.88888889],[1. 0.],10,0.8888147282941208,0.4999765342677909
PWK,[0.11111111 0.88888889],[1.],10,0.5,0.28126026625784145
ACC,[0.11111111 0.88888889],[1. 0.],10,0.8888147282941208,0.4999765342677909
MAX,[0.11111111 0.88888889],[0.07073202 0.92926798],10,0.040375719130612435,0.022712171026055755
MS,[0.11111111 0.88888889],[0. 1.],10,0.11110184103676507,0.062497066783473845
MS2,[0.11111111 0.88888889],[0. 1.],10,0.11110184103676507,0.062497066783473845
PACC,[0.11111111 0.88888889],[1. 0.],10,0.8888147282941208,0.4999765342677909
T50,[0.11111111 0.88888889],[0.37220832 0.62779168],10,0.26107542419709917,0.14686028664611003
X_method,[0.11111111 0.88888889],[0. 1.],10,0.11110184103676507,0.062497066783473845
DyS,[0.11111111 0.88888889],[0.66486727 0.33513273],10,0.5537099538536641,0.3114732181009973
DySsyn,[0.11111111 0.88888889],[4.45523940e-05 9.99955448e-01],10,0.11105729235975348,0.06247200723795841
HDy,[0.11111111 0.88888889],[0.33 0.67],10,0.2188706268424272,0.12311922156344347
SMM,[0.11111111 0.88888889],[0.47838986 0.52161014],10,0.3672481026344767,0.20658459825932002
SORD,[0.11111111 0.88888889],[0. 1.],10,0.11110184103676507,0.062497066783473845
HDx,[0.11111111 0.88888889],[0.93 0.07],10,0.8188205684409589,0.4606033821942024
CC,[0.11111111 0.88888889],[0.03333333 0.96666667],30,0.07777128872573558,0.04374794674843171
PCC,[0.11111111 0.88888889],[0.181 0.819],30,0.06988305801212524,0.039310655006805056
EMQ,[0.11111111 0.88888889],[0.00843789 0.99156211],30,0.10266465478107982,0.05775097627799178
FM,[0.11111111 0.88888889],[0. 1.],30,0.11110184103676507,0.062497066783473845
GAC,[0.11111111 0.88888889],[1. 0.],30,0.8888147282941208,0.4999765342677909
GPAC,[0.11111111 0.88888889],[0.55432165 0.44567835],30,0.4431735647405869,0.24929422963474843
PWK,[0.11111111 0.88888889],[0.06666667 0.93333333],30,0.044440736414706035,0.02499882671338954
ACC,[0.11111111 0.88888889],[0. 1.],30,0.11110184103676507,0.062497066783473845
MAX,[0.11111111 0.88888889],[0.3241447 0.6758553],30,0.21301581193482855,0.11982576796384033
MS,[0.11111111 0.88888889],[0.16363652 0.83636348],30,0.052521030671783236,0.02954415814176402
MS2,[0.11111111 0.88888889],[0. 1.],30,0.11110184103676507,0.062497066783473845
PACC,[0.11111111 0.88888889],[0.91072669 0.08927331],30,0.7995488668528681,0.4497626543543862
T50,[0.11111111 0.88888889],[0. 1.],30,0.11110184103676507,0.062497066783473845
X_method,[0.11111111 0.88888889],[0.45085103 0.54914897],30,0.3397115774675491,0.1910947374587884
DyS,[0.11111111 0.88888889],[8.88959487e-04 9.99111041e-01],30,0.11021295571576784,0.0619970505393611
DySsyn,[0.11111111 0.88888889],[4.45523940e-05 9.99955448e-01],30,0.11105729235975348,0.06247200723795841
HDy,[0.11111111 0.88888889],[0.025 0.975],30,0.08610392680349296,0.04843522675719225
SMM,[0.11111111 0.88888889],[0.40850139 0.59149861],30,0.2973654694342053,0.1672741822179052
SORD,[0.11111111 0.88888889],[0.21 0.79],30,0.0988806385227209,0.05562238943729171
HDx,[0.11111111 0.88888889],[0.51 0.49],30,0.3988556093219867,0.22436446975267116
CC,[0.11111111 0.88888889],[0.02 0.98],50,0.09110350965014737,0.051247594762448556
PCC,[0.11111111 0.88888889],[0.2184 0.7816],50,0.10727993770510043,0.06034716768612239
EMQ,[0.11111111 0.88888889],[0.45611713 0.54388287],50,0.34497723139579356,0.19405677591054776
FM,[0.11111111 0.88888889],[0.45085103 0.54914897],50,0.3397115779156125,0.19109473771083327
GAC,[0.11111111 0.88888889],[0.4834568 0.5165432],50,0.3723146266378551,0.20943462203970392
GPAC,[0.11111111 0.88888889],[0. 1.],50,0.11110184103676507,0.062497066783473845
PWK,[0.11111111 0.88888889],[0.12 0.88],50,0.008888147282941197,0.004999765342677903
ACC,[0.11111111 0.88888889],[0. 1.],50,0.11110184103676507,0.062497066783473845
MAX,[0.11111111 0.88888889],[0.22277963 0.77722037],50,0.1116591995086519,0.06281059236788175
MS,[0.11111111 0.88888889],[0.25346121 0.74653879],50,0.14233822375723215,0.08006817342525466
MS2,[0.11111111 0.88888889],[0.40036423 0.59963577],50,0.2892289856055068,0.16269724300178048
PACC,[0.11111111 0.88888889],[1. 0.],50,0.8888147282941208,0.4999765342677909
T50,[0.11111111 0.88888889],[0. 1.],50,0.11110184103676507,0.062497066783473845
X_method,[0.11111111 0.88888889],[0.22277963 0.77722037],50,0.1116591995086519,0.06281059236788175
DyS,[0.11111111 0.88888889],[0.03877899 0.96122101],50,0.07232609096416932,0.04068491120394225
DySsyn,[0.11111111 0.88888889],[4.45523940e-05 9.99955448e-01],50,0.11105729235975348,0.06247200723795841
HDy,[0.11111111 0.88888889],[0. 1.],50,0.11110184103676507,0.062497066783473845
SMM,[0.11111111 0.88888889],[0. 1.],50,0.11110184103676507,0.062497066783473845
SORD,[0.11111111 0.88888889],[0.07 0.93],50,0.04110768118360316,0.023123914709885368
HDx,[0.11111111 0.88888889],[0. 1.],50,0.11110184103676507,0.062497066783473845
CC,[0.11111111 0.88888889],[0.07142857 0.92857143],70,0.03967922894170183,0.022320380994097812
PCC,[0.11111111 0.88888889],[0.19857143 0.80142857],70,0.0874530205875108,0.04919411971099156
EMQ,[0.11111111 0.88888889],[0.17607967 0.82392033],70,0.0649631386607901,0.036543099353357804
FM,[0.11111111 0.88888889],[1.66533454e-16 1.00000000e+00],70,0.11110184103676499,0.0624970667834738
GAC,[0.11111111 0.88888889],[0.4453681 0.5546319],70,0.33422910083186985,0.1880107317821813
GPAC,[0.11111111 0.88888889],[0.25116924 0.74883076],70,0.14004644213131334,0.07877899920463316
PWK,[0.11111111 0.88888889],[1.],70,0.5,0.28126026625784145
ACC,[0.11111111 0.88888889],[0. 1.],70,0.11110184103676507,0.062497066783473845
MAX,[0.11111111 0.88888889],[0.3422456 0.6577544],70,0.23111520701093152,0.1300070493202615
MS,[0.11111111 0.88888889],[0.09947603 0.90052397],70,0.01163410724639391,0.006544424203586068
MS2,[0.11111111 0.88888889],[0. 1.],70,0.11110184103676507,0.062497066783473845
PACC,[0.11111111 0.88888889],[0.97039595 0.02960405],70,0.8592131451167703,0.48332503593556037
T50,[0.11111111 0.88888889],[0.2520436 0.7479564],70,0.14092072822807905,0.07927080308535686
X_method,[0.11111111 0.88888889],[0.6680619 0.3319381],70,0.5569043183807845,0.3132701137358423
DyS,[0.11111111 0.88888889],[4.45523940e-05 9.99955448e-01],70,0.11105729235975348,0.06247200723795841
DySsyn,[0.11111111 0.88888889],[4.45523940e-05 9.99955448e-01],70,0.11105729235975348,0.06247200723795841
HDy,[0.11111111 0.88888889],[0.07 0.93],70,0.04110768118360316,0.023123914709885368
SMM,[0.11111111 0.88888889],[0.31008702 0.68991298],70,0.19895931247871967,0.11191869840448355
SORD,[0.11111111 0.88888889],[0.13 0.87],70,0.018887312976250042,0.010624501353190543
HDx,[0.11111111 0.88888889],[0.45 0.55],70,0.33886061516213356,0.19061605368959528
CC,[0.11111111 0.88888889],[0.03333333 0.96666667],90,0.07777128872573558,0.04374794674843171
PCC,[0.11111111 0.88888889],[0.15377778 0.84622222],90,0.0426631069581178,0.023998873644853962
EMQ,[0.11111111 0.88888889],[0.33430048 0.66569952],90,0.22317075096570027,0.12553812967515057
FM,[0.11111111 0.88888889],[0. 1.],90,0.11110184103676507,0.062497066783473845
GAC,[0.11111111 0.88888889],[0.27608497 0.72391503],90,0.16496009744585916,0.09279344185908364
GPAC,[0.11111111 0.88888889],[0. 1.],90,0.11110184103676507,0.062497066783473845
PWK,[0.11111111 0.88888889],[0.03333333 0.96666667],90,0.07777128872573558,0.04374794674843171
ACC,[0.11111111 0.88888889],[0.46305215 0.53694785],90,0.35191167428994485,0.19795754242006536
MAX,[0.11111111 0.88888889],[0.28190925 0.71809075],90,0.17078389009058859,0.09606944479885776
MS,[0.11111111 0.88888889],[0.16363652 0.83636348],90,0.052521030671783236,0.02954415814176402
MS2,[0.11111111 0.88888889],[0. 1.],90,0.11110184103676507,0.062497066783473845
PACC,[0.11111111 0.88888889],[1. 0.],90,0.8888147282941208,0.4999765342677909
T50,[0.11111111 0.88888889],[0.18528542 0.81471458],90,0.07416811935640112,0.04172108999604949
X_method,[0.11111111 0.88888889],[0. 1.],90,0.11110184103676507,0.062497066783473845
DyS,[0.11111111 0.88888889],[4.45523940e-05 9.99955448e-01],90,0.11105729235975348,0.06247200723795841
DySsyn,[0.11111111 0.88888889],[0.00234022 0.99765978],90,0.10876181736576829,0.06118075542196543
HDy,[0.11111111 0.88888889],[0.125 0.875],90,0.01388773012959564,0.007812133347934234
SMM,[0.11111111 0.88888889],[0.05351237 0.94648763],90,0.05759393729733277,0.032397772278170485
SORD,[0.11111111 0.88888889],[0.07 0.93],90,0.04110768118360316,0.023123914709885368
HDx,[0.11111111 0.88888889],[0. 1.],90,0.11110184103676507,0.062497066783473845
CC,[0.11111111 0.88888889],[0.04545455 0.95454545],110,0.06565108788536121,0.03693008491750729
PCC,[0.11111111 0.88888889],[0.16790909 0.83209091],110,0.05679324110452093,0.03194736422940669
EMQ,[0.11111111 0.88888889],[0.11062323 0.88937677],110,0.00048783763240776296,0.0002744186847632048
FM,[0.11111111 0.88888889],[0. 1.],110,0.11110184103676507,0.062497066783473845
GAC,[0.11111111 0.88888889],[0.16835935 0.83164065],110,0.05724345909422371,0.03220062109272243
GPAC,[0.11111111 0.88888889],[0.39998951 0.60001049],110,0.2888543025352065,0.16248647608155053
PWK,[0.11111111 0.88888889],[0.05454545 0.94545455],110,0.05656093725508039,0.03181668854431395
ACC,[0.11111111 0.88888889],[0.32695414 0.67304586],110,0.21582501809987065,0.12140600411174615
MAX,[0.11111111 0.88888889],[0.00161948 0.99838052],110,0.1094825003302782,0.06158615438693653
MS,[0.11111111 0.88888889],[0.20446593 0.79553407],110,0.09334702752880551,0.05250961963425979
MS2,[0.11111111 0.88888889],[0. 1.],110,0.11110184103676507,0.062497066783473845
PACC,[0.11111111 0.88888889],[0.82498494 0.17501506],110,0.7138142734531221,0.4015351852201456
T50,[0.11111111 0.88888889],[0.2192714 0.7807286],110,0.10815126569107357,0.060837307568787816
X_method,[0.11111111 0.88888889],[0. 1.],110,0.11110184103676507,0.062497066783473845
DyS,[0.11111111 0.88888889],[0.02154326 0.97845674],110,0.08956037775424375,0.050379551386622916
DySsyn,[0.11111111 0.88888889],[4.45523940e-05 9.99955448e-01],110,0.11105729235975348,0.06247200723795841
HDy,[0.11111111 0.88888889],[0.01 0.99],110,0.10110267534345627,0.05687233077296123
SMM,[0.11111111 0.88888889],[0.14710038 0.85289962],110,0.035986269931889386,0.020243015725339528
SORD,[0.11111111 0.88888889],[0.08 0.92],110,0.03110851549029426,0.0174991786993727
HDx,[0.11111111 0.88888889],[0. 1.],110,0.11110184103676507,0.062497066783473845
CC,[0.22222222 0.77777778],[0.1 0.9],10,0.12221202514044166,0.07856721434573509
PCC,[0.22222222 0.77777778],[0.186 0.814],10,0.03621920017798547,0.023284465342463326
EMQ,[0.22222222 0.77777778],[1.45756621e-06 9.99998542e-01],10,0.22220222462892306,0.142848543672015
FM,[0.22222222 0.77777778],[1. 0.],10,0.7777128872573558,0.4999731822001322
GAC,[0.22222222 0.77777778],[1. 0.],10,0.7777128872573558,0.4999731822001322
GPAC,[0.22222222 0.77777778],[0.97873503 0.02126497],10,0.7564496924812263,0.4863035782496904
PWK,[0.22222222 0.77777778],[1.],10,0.5,0.3214381492142384
ACC,[0.22222222 0.77777778],[0. 1.],10,0.22220368207353017,0.14284948062860917
MAX,[0.22222222 0.77777778],[0. 1.],10,0.22220368207353017,0.14284948062860917
MS,[0.22222222 0.77777778],[1. 0.],10,0.7777128872573558,0.4999731822001322
MS2,[0.22222222 0.77777778],[0. 1.],10,0.22220368207353017,0.14284948062860917
PACC,[0.22222222 0.77777778],[0.76251596 0.23748404],10,0.5402486572251115,0.3473130569878347
T50,[0.22222222 0.77777778],[0. 1.],10,0.22220368207353017,0.14284948062860917
X_method,[0.22222222 0.77777778],[0. 1.],10,0.22220368207353017,0.14284948062860917
DyS,[0.22222222 0.77777778],[0.64300774 0.35699226],10,0.4207504090560391,0.2704904655362139
DySsyn,[0.22222222 0.77777778],[4.45523940e-05 9.99955448e-01],10,0.2221591333965186,0.1428208413400321
HDy,[0.22222222 0.77777778],[0.505 0.495],10,0.28275418543856723,0.18177596409990524
SMM,[0.22222222 0.77777778],[0.76792778 0.23207222],10,0.5456600277131205,0.350791898816591
SORD,[0.22222222 0.77777778],[1. 0.],10,0.7777128872573558,0.4999731822001322
HDx,[0.22222222 0.77777778],[0. 1.],10,0.22220368207353017,0.14284948062860917
CC,[0.22222222 0.77777778],[0.1 0.9],30,0.12221202514044166,0.07856721434573509
PCC,[0.22222222 0.77777778],[0.15333333 0.84666667],30,0.06888314144279432,0.044283338994868825
EMQ,[0.22222222 0.77777778],[0.10162021 0.89837979],30,0.1205919498778564,0.07752570635774873
FM,[0.22222222 0.77777778],[0.70426371 0.29573629],30,0.4820012669187491,0.30986719031456167
GAC,[0.22222222 0.77777778],[0.12796224 0.87203776],30,0.09425212129097058,0.060592454854570994
GPAC,[0.22222222 0.77777778],[1. 0.],30,0.7777128872573558,0.4999731822001322
PWK,[0.22222222 0.77777778],[1.],30,0.5,0.3214381492142384
ACC,[0.22222222 0.77777778],[0.16363652 0.83636348],30,0.058580810364981875,0.0376602145263801
MAX,[0.22222222 0.77777778],[0.45085103 0.54914897],30,0.228609736430784,0.14696778114133213
MS,[0.22222222 0.77777778],[0.61275996 0.38724004],30,0.3905051550622597,0.2510465086036639
MS2,[0.22222222 0.77777778],[0.17152965 0.82847035],30,0.05068834135438592,0.03258633326338671
PACC,[0.22222222 0.77777778],[0.74005978 0.25994022],30,0.5177943589537519,0.3328777208313341
T50,[0.22222222 0.77777778],[0. 1.],30,0.22220368207353017,0.14284948062860917
X_method,[0.22222222 0.77777778],[0.57755737 0.42244263],30,0.35530550196350447,0.22841748591356967
DyS,[0.22222222 0.77777778],[0.2719354 0.7280646],30,0.04970902750187728,0.03195675559888622
DySsyn,[0.22222222 0.77777778],[4.45523940e-05 9.99955448e-01],30,0.2221591333965186,0.1428208413400321
HDy,[0.22222222 0.77777778],[0.62 0.38],30,0.39774459091161907,0.2557005703252105
SMM,[0.22222222 0.77777778],[0.10232336 0.89767664],30,0.11988885990851103,0.07707370648079379
SORD,[0.22222222 0.77777778],[0.57 0.43],30,0.3477487624450748,0.2235594371837734
HDx,[0.22222222 0.77777778],[0.7 0.3],30,0.47773791645809,0.3071263833515098
CC,[0.22222222 0.77777778],[0.04 0.96],50,0.1822070193002948,0.11713657411545955
PCC,[0.22222222 0.77777778],[0.1676 0.8324],50,0.054617665053673714,0.035112402338512136
EMQ,[0.22222222 0.77777778],[0.05220232 0.94779768],50,0.17000572076946519,0.10929264847993901
FM,[0.22222222 0.77777778],[0.07073202 0.92926798],50,0.15147756000203258,0.09738133306908421
GAC,[0.22222222 0.77777778],[0.75007773 0.24992227],50,0.5278114666969231,0.33931748197822326
GPAC,[0.22222222 0.77777778],[0.21479095 0.78520905],50,0.007430653733587561,0.004776991167152513
PWK,[0.22222222 0.77777778],[0.02 0.98],50,0.20220535068691248,0.12999302737203436
ACC,[0.22222222 0.77777778],[0. 1.],50,0.22220368207353017,0.14284948062860917
MAX,[0.22222222 0.77777778],[0.29880343 0.70119657],50,0.07657481779151923,0.049228135414646955
MS,[0.22222222 0.77777778],[0. 1.],50,0.22220368207353017,0.14284948062860917
MS2,[0.22222222 0.77777778],[0. 1.],50,0.22220368207353017,0.14284948062860917
PACC,[0.22222222 0.77777778],[0.75173699 0.24826301],50,0.529470594054859,0.34038409563271443
T50,[0.22222222 0.77777778],[0.28809301 0.71190699],50,0.06586529598201998,0.04234323767581704
X_method,[0.22222222 0.77777778],[0.37482723 0.62517277],50,0.15259227711115164,0.09809795827798956
DyS,[0.22222222 0.77777778],[0.54497586 0.45502414],50,0.32272671392861296,0.20747335525441266
DySsyn,[0.22222222 0.77777778],[4.45523940e-05 9.99955448e-01],50,0.2221591333965186,0.1428208413400321
HDy,[0.22222222 0.77777778],[0.155 0.845],50,0.06721661382724287,0.04321196789015427
SMM,[0.22222222 0.77777778],[0.47239942 0.52760058],50,0.2501563216091175,0.16081957006455305
SORD,[0.22222222 0.77777778],[0. 1.],50,0.22220368207353017,0.14284948062860917
HDx,[0.22222222 0.77777778],[0. 1.],50,0.22220368207353017,0.14284948062860917
CC,[0.22222222 0.77777778],[0.05714286 0.94285714],70,0.16506559239747962,0.10611675703839543
PCC,[0.22222222 0.77777778],[0.19 0.81],70,0.0322195339006619,0.020713174691148348
EMQ,[0.22222222 0.77777778],[0.29871952 0.70128048],70,0.07649091715974718,0.04917419768705753
FM,[0.22222222 0.77777778],[0.45085103 0.54914897],70,0.22860973687884742,0.1469677814293815
GAC,[0.22222222 0.77777778],[0.4453681 0.5546319],70,0.22312725979510473,0.14344322685556604
GPAC,[0.22222222 0.77777778],[0.25116924 0.74883076],70,0.028944601094548245,0.018607798011152015
PWK,[0.22222222 0.77777778],[0.02857143 0.97142857],70,0.1936346372355049,0.1244831188335023
ACC,[0.22222222 0.77777778],[0.48443898 0.51556102],70,0.26219487922590534,0.16855887342365158
MAX,[0.22222222 0.77777778],[0.17933745 0.82066255],70,0.04288118971075992,0.027567300513462626
MS,[0.22222222 0.77777778],[0. 1.],70,0.22220368207353017,0.14284948062860917
MS2,[0.22222222 0.77777778],[0.00807638 0.99192362],70,0.21412797415662044,0.1376577994157967
PACC,[0.22222222 0.77777778],[1. 0.],70,0.7777128872573558,0.4999731822001322
T50,[0.22222222 0.77777778],[0.19196124 0.80803876],70,0.030258460793196246,0.019452447270873197
X_method,[0.22222222 0.77777778],[0.01642931 0.98357069],70,0.20577574539568655,0.13228834950633966
DyS,[0.22222222 0.77777778],[0.57948064 0.42051936],70,0.35722861536369493,0.22965380993774231
DySsyn,[0.22222222 0.77777778],[4.45523940e-05 9.99955448e-01],70,0.2221591333965186,0.1428208413400321
HDy,[0.22222222 0.77777778],[0.06 0.94],70,0.162208687913677,0.10428012085888469
SMM,[0.22222222 0.77777778],[0.3756966 0.6243034],70,0.15346157607894498,0.09865680998063224
SORD,[0.22222222 0.77777778],[0.27 0.73],70,0.047773791645809,0.03071263833515098
HDx,[0.22222222 0.77777778],[0.84 0.16],70,0.617726236164414,0.3971215561475336
CC,[0.22222222 0.77777778],[0.02222222 0.97777778],90,0.19998331386617718,0.12856453256574826
PCC,[0.22222222 0.77777778],[0.16477778 0.83522222],90,0.057439651816007534,0.03692659074249546
EMQ,[0.22222222 0.77777778],[0.18596042 0.81403958],90,0.03625878027035627,0.023309910445738127
FM,[0.22222222 0.77777778],[0.32414456 0.67585544],90,0.10191383571284723,0.06551798946172314
GAC,[0.22222222 0.77777778],[0.12796224 0.87203776],90,0.09425212129097058,0.060592454854570994
GPAC,[0.22222222 0.77777778],[0.41285053 0.58714947],90,0.1906124000325001,0.12254019416746174
PWK,[0.22222222 0.77777778],[0.02222222 0.97777778],90,0.19998331386617718,0.12856453256574826
ACC,[0.22222222 0.77777778],[0.46305215 0.53694785],90,0.24080983325317973,0.15481093422698292
MAX,[0.22222222 0.77777778],[0.19743836 0.80256164],90,0.024781794634657003,0.015931628403142984
MS,[0.22222222 0.77777778],[0.01392871 0.98607129],90,0.2082761321740619,0.1338957889030611
MS2,[0.22222222 0.77777778],[0.17152965 0.82847035],90,0.05068834135438592,0.03258633326338671
PACC,[0.22222222 0.77777778],[1. 0.],90,0.7777128872573558,0.4999731822001322
T50,[0.22222222 0.77777778],[0.32547759 0.67452241],90,0.10324675695015972,0.0663748929328633
X_method,[0.22222222 0.77777778],[0.11296747 0.88703253],90,0.10924563832313747,0.07023143158463477
DyS,[0.22222222 0.77777778],[0.3253461 0.6746539],90,0.10311527496556572,0.06629036628129747
DySsyn,[0.22222222 0.77777778],[0.01200225 0.98799775],90,0.2102024359791853,0.13513416396294753
HDy,[0.22222222 0.77777778],[0.005 0.995],90,0.21720409922687578,0.1396353673144655
SMM,[0.22222222 0.77777778],[0.66254041 0.33745959],90,0.44028145383969564,0.2830465113111718
SORD,[0.22222222 0.77777778],[0.29 0.71],90,0.06777212303242677,0.043569091591725846
HDx,[0.22222222 0.77777778],[0. 1.],90,0.22220368207353017,0.14284948062860917
CC,[0.22222222 0.77777778],[0.05454545 0.94545455],110,0.1676627782918455,0.10778642629249602
PCC,[0.22222222 0.77777778],[0.18863636 0.81136364],110,0.03358305649520403,0.021589751049551183
EMQ,[0.22222222 0.77777778],[0.26188125 0.73811875],110,0.0396557202580384,0.02549372265100289
FM,[0.22222222 0.77777778],[0. 1.],110,0.22220368207353017,0.14284948062860917
GAC,[0.22222222 0.77777778],[0. 1.],110,0.22220368207353017,0.14284948062860917
GPAC,[0.22222222 0.77777778],[0.28424041 0.71575959],110,0.06201301455328326,0.03986669725040601
PWK,[0.22222222 0.77777778],[0.03636364 0.96363636],110,0.1858430795524071,0.11947411107120043
ACC,[0.22222222 0.77777778],[0.32695414 0.67304586],110,0.10472317706310555,0.06732404842999927
MAX,[0.22222222 0.77777778],[0.1052883 0.8947117],110,0.11692416956754488,0.07516777732840682
MS,[0.22222222 0.77777778],[0.32695414 0.67304586],110,0.10472317706310555,0.06732404842999927
MS2,[0.22222222 0.77777778],[0.03284203 0.96715797],110,0.18936439342900896,0.12173788030179507
PACC,[0.22222222 0.77777778],[1. 0.],110,0.7777128872573558,0.4999731822001322
T50,[0.22222222 0.77777778],[0.14280294 0.85719706],110,0.07941265459870459,0.051052513436794365
X_method,[0.22222222 0.77777778],[0. 1.],110,0.22220368207353017,0.14284948062860917
DyS,[0.22222222 0.77777778],[0.10857024 0.89142976],110,0.11364249590866735,0.07305806711393739
DySsyn,[0.22222222 0.77777778],[0.00747747 0.99252253],110,0.2147268348551847,0.13804279276496398
HDy,[0.22222222 0.77777778],[0.06 0.94],110,0.162208687913677,0.10428012085888469
SMM,[0.22222222 0.77777778],[0.31138366 0.68861634],110,0.08915399524901049,0.05731499045579388
SORD,[0.22222222 0.77777778],[0.44 0.56],110,0.21775960843205958,0.139992491016037
HDx,[0.22222222 0.77777778],[0.24 0.76],110,0.017776294565882395,0.011427958450288721
CC,[0.33333333 0.66666667],[0.2 0.8],10,0.1333222092441181,0.09999374256930103
PCC,[0.33333333 0.66666667],[0.143 0.857],10,0.19031745369597858,0.1427410675176772
EMQ,[0.33333333 0.66666667],[0.40299739 0.59700261],10,0.06965824927972744,0.05224477666396428
FM,[0.33333333 0.66666667],[0.45085103 0.54914897],10,0.11750789584208235,0.08813276012534879
GAC,[0.33333333 0.66666667],[1. 0.],10,0.6666110462205906,0.49996871284650524
GPAC,[0.33333333 0.66666667],[0.97873503 0.02126497],10,0.645347851444461,0.48402098413198863
PWK,[0.33333333 0.66666667],[0.1 0.9],10,0.23331386617720673,0.17498904949627683
ACC,[0.33333333 0.66666667],[1. 0.],10,0.6666110462205906,0.49996871284650524
MAX,[0.33333333 0.66666667],[0.83097004 0.16902996],10,0.4975951919921805,0.37320417816271045
MS,[0.33333333 0.66666667],[0. 1.],10,0.33330552311029527,0.24998435642325256
MS2,[0.33333333 0.66666667],[0. 1.],10,0.33330552311029527,0.24998435642325256
PACC,[0.33333333 0.66666667],[0.35830486 0.64169514],10,0.02496944730383155,0.0187274760893389
T50,[0.33333333 0.66666667],[0.37220832 0.62779168],10,0.038871742123569,0.029154414685757968
X_method,[0.33333333 0.66666667],[0.45085103 0.54914897],10,0.11750789539401893,0.08813275978929422
DyS,[0.33333333 0.66666667],[0.0626035 0.9373965],10,0.2707072476884188,0.2030346705959194
DySsyn,[0.33333333 0.66666667],[0.16881826 0.83118174],10,0.16450134603599378,0.1233785829164271
HDy,[0.33333333 0.66666667],[0.03 0.97],10,0.30330802603036866,0.22748576434515982
SMM,[0.33333333 0.66666667],[0.61816678 0.38183322],10,0.2848096869614893,0.21361172066331335
SORD,[0.33333333 0.66666667],[0. 1.],10,0.33330552311029527,0.24998435642325256
HDx,[0.33333333 0.66666667],[0.81 0.19],10,0.4766268980477224,0.3574776296852513
CC,[0.33333333 0.66666667],[0.1 0.9],30,0.23331386617720673,0.17498904949627683
PCC,[0.33333333 0.66666667],[0.17366667 0.82633333],30,0.15965334556983146,0.119742506726738
EMQ,[0.33333333 0.66666667],[0.46573391 0.53426609],30,0.13238953380976237,0.09929422140315448
FM,[0.33333333 0.66666667],[0.57755746 0.42244254],30,0.2442037534336857,0.18315663529542311
GAC,[0.33333333 0.66666667],[1. 0.],30,0.6666110462205906,0.49996871284650524
GPAC,[0.33333333 0.66666667],[0.55432165 0.44567835],30,0.2209698826670567,0.1657308687596109
PWK,[0.33333333 0.66666667],[0.06666667 0.93333333],30,0.2666444184882362,0.19998748513860207
ACC,[0.33333333 0.66666667],[0.16363652 0.83636348],30,0.16968265140174693,0.1272646429948901
MAX,[0.33333333 0.66666667],[0.57755737 0.42244263],30,0.2442036609267394,0.18315656591376625
MS,[0.33333333 0.66666667],[0.61275996 0.38724004],30,0.2794033140254946,0.20955685638630742
MS2,[0.33333333 0.66666667],[0.42579029 0.57420971],30,0.09244924641232441,0.0693383810461248
PACC,[0.33333333 0.66666667],[1. 0.],30,0.6666110462205906,0.49996871284650524
T50,[0.33333333 0.66666667],[0.65259267 0.34740733],30,0.31923269938461657,0.23942951847969554
X_method,[0.33333333 0.66666667],[0.45085103 0.54914897],30,0.11750789539401893,0.08813275978929422
DyS,[0.33333333 0.66666667],[0.25786652 0.74213348],30,0.07546051842334867,0.056596569289922856
DySsyn,[0.33333333 0.66666667],[4.45523940e-05 9.99955448e-01],30,0.3332609744332837,0.24995094421859324
HDy,[0.33333333 0.66666667],[0.155 0.845],30,0.17831845486400794,0.1337416306864401
SMM,[0.33333333 0.66666667],[0.27870853 0.72129147],30,0.054620245725545385,0.04096603875016501
SORD,[0.33333333 0.66666667],[0. 1.],30,0.33330552311029527,0.24998435642325256
HDx,[0.33333333 0.66666667],[0.09 0.91],30,0.2433130318705156,0.1824885801889744
CC,[0.33333333 0.66666667],[0.08 0.92],50,0.2533121975638244,0.18998811088167195
PCC,[0.33333333 0.66666667],[0.238 0.762],50,0.0953253796095444,0.0714955259370502
EMQ,[0.33333333 0.66666667],[0.25726636 0.74273364],50,0.07606062751667089,0.05704666049776718
FM,[0.33333333 0.66666667],[0. 1.],50,0.33330552311029527,0.24998435642325256
GAC,[0.33333333 0.66666667],[0.75007773 0.24992227],50,0.4167096256601581,0.312538738074129
GPAC,[0.33333333 0.66666667],[0. 1.],50,0.33330552311029527,0.24998435642325256
PWK,[0.33333333 0.66666667],[0.04 0.96],50,0.29330886033705983,0.21998623365246225
ACC,[0.33333333 0.66666667],[0.52293527 0.47706473],50,0.1895861209400472,0.14219255651006857
MAX,[0.33333333 0.66666667],[0.60289864 0.39710136],50,0.2695428140332835,0.20216132713866067
MS,[0.33333333 0.66666667],[0. 1.],50,0.33330552311029527,0.24998435642325256
MS2,[0.33333333 0.66666667],[0.55292061 0.44707939],50,0.21956896081406208,0.1646801554544364
PACC,[0.33333333 0.66666667],[1. 0.],50,0.6666110462205906,0.49996871284650524
T50,[0.33333333 0.66666667],[0.37220832 0.62779168],50,0.038871742123569,0.029154414685757968
X_method,[0.33333333 0.66666667],[0.45085103 0.54914897],50,0.11750789539401893,0.08813275978929422
DyS,[0.33333333 0.66666667],[0.6582628 0.3417372],50,0.32490235730172945,0.24368185061125897
DySsyn,[0.33333333 0.66666667],[4.45523940e-05 9.99955448e-01],50,0.3332609744332837,0.24995094421859324
HDy,[0.33333333 0.66666667],[0.42 0.58],50,0.08665943600867676,0.06499593267004566
SMM,[0.33333333 0.66666667],[0.22080095 0.77919905],50,0.11252299894862652,0.0843940094736398
SORD,[0.33333333 0.66666667],[0.64 0.36],50,0.30664108126147177,0.22998560790939246
HDx,[0.33333333 0.66666667],[0. 1.],50,0.33330552311029527,0.24998435642325256
CC,[0.33333333 0.66666667],[0.05714286 0.94285714],70,0.27616743343424466,0.20712989532212356
PCC,[0.33333333 0.66666667],[0.22214286 0.77785714],70,0.11118119949464847,0.08338763889261352
EMQ,[0.33333333 0.66666667],[0.44403073 0.55596927],70,0.1106881653186842,0.08301785554782234
FM,[0.33333333 0.66666667],[1.66533454e-16 1.00000000e+00],70,0.33330552311029515,0.24998435642325248
GAC,[0.33333333 0.66666667],[1. 0.],70,0.6666110462205906,0.49996871284650524
GPAC,[0.33333333 0.66666667],[1. 0.],70,0.6666110462205906,0.49996871284650524
PWK,[0.33333333 0.66666667],[0.08571429 0.91428571],70,0.24759838859621935,0.18570266477155906
ACC,[0.33333333 0.66666667],[0.67692045 0.32307955],70,0.34355845194367185,0.2576742134407641
MAX,[0.33333333 0.66666667],[0.3422456 0.6577544],70,0.008911524937401327,0.00668378311117529
MS,[0.33333333 0.66666667],[0.29195751 0.70804249],70,0.041372375565392666,0.03102992888597688
MS2,[0.33333333 0.66666667],[0.00807638 0.99192362],70,0.3252298151933855,0.24392744915261366
PACC,[0.33333333 0.66666667],[1. 0.],70,0.6666110462205906,0.49996871284650524
T50,[0.33333333 0.66666667],[0. 1.],70,0.33330552311029527,0.24998435642325256
X_method,[0.33333333 0.66666667],[0.39654832 0.60345168],70,0.06320971016571036,0.047408271450234934
DyS,[0.33333333 0.66666667],[0.07936177 0.92063823],70,0.25395037560249517,0.19046675439406216
DySsyn,[0.33333333 0.66666667],[4.45523940e-05 9.99955448e-01],70,0.3332609744332837,0.24995094421859324
HDy,[0.33333333 0.66666667],[0.01 0.99],70,0.32330635741698643,0.24248482573055502
SMM,[0.33333333 0.66666667],[0.35144958 0.64855042],70,0.018114739850247696,0.01358633826700888
SORD,[0.33333333 0.66666667],[0. 1.],70,0.33330552311029527,0.24998435642325256
HDx,[0.33333333 0.66666667],[0. 1.],70,0.33330552311029527,0.24998435642325256
CC,[0.33333333 0.66666667],[0.11111111 0.88888889],90,0.2222036820735302,0.16665623761550172
PCC,[0.33333333 0.66666667],[0.19866667 0.80133333],90,0.13465543133655927,0.10099367999499402
EMQ,[0.33333333 0.66666667],[0.30748533 0.69251467],90,0.025845842948007014,0.01938478653243302
FM,[0.33333333 0.66666667],[0.28190896 0.71809104],90,0.051420084964681395,0.03856586811755655
GAC,[0.33333333 0.66666667],[0.42420771 0.57579229],90,0.09086679331757538,0.0681515164698366
GPAC,[0.33333333 0.66666667],[0.55432165 0.44567835],90,0.2209698826670567,0.1657308687596109
PWK,[0.33333333 0.66666667],[0.04444444 0.95555556],90,0.28886478669558924,0.21665310890015224
ACC,[0.33333333 0.66666667],[0.46305215 0.53694785],90,0.12970799221641466,0.09728302325924199
MAX,[0.33333333 0.66666667],[0.28190925 0.71809075],90,0.05141979198294158,0.038565648376668406
MS,[0.33333333 0.66666667],[0.31334434 0.68665566],90,0.01998732959266694,0.014990809867824665
MS2,[0.33333333 0.66666667],[0.21390643 0.78609357],90,0.11941694425723864,0.08956457630106142
PACC,[0.33333333 0.66666667],[1. 0.],90,0.6666110462205906,0.49996871284650524
T50,[0.33333333 0.66666667],[0.65259267 0.34740733],90,0.31923269938461657,0.23942951847969554
X_method,[0.33333333 0.66666667],[0.40861559 0.59138441],90,0.07527597354977886,0.056458157747803606
DyS,[0.33333333 0.66666667],[0.4463485 0.5536515],90,0.11300573887574081,0.0847560719707546
DySsyn,[0.33333333 0.66666667],[4.45523940e-05 9.99955448e-01],90,0.3332609744332837,0.24995094421859324
HDy,[0.33333333 0.66666667],[0.155 0.845],90,0.17831845486400794,0.1337416306864401
SMM,[0.33333333 0.66666667],[0.24320963 0.75679037],90,0.09011618639869551,0.06758854953849974
SORD,[0.33333333 0.66666667],[0.25 0.75],90,0.08332638077757376,0.0624960891058131
HDx,[0.33333333 0.66666667],[0. 1.],90,0.33330552311029527,0.24998435642325256
CC,[0.33333333 0.66666667],[0.08181818 0.91818182],110,0.25149416743776826,0.18862455984663604
PCC,[0.33333333 0.66666667],[0.19581818 0.80418182],110,0.13750367853404719,0.1031299099498836
EMQ,[0.33333333 0.66666667],[0.31172399 0.68827601],110,0.021607542900170834,0.01620599519438381
FM,[0.33333333 0.66666667],[0.07073202 0.92926798],110,0.2625794010387976,0.19693865846011066
GAC,[0.33333333 0.66666667],[0.41074201 0.58925799],110,0.07740221349423965,0.05805287096814695
GPAC,[0.33333333 0.66666667],[0.16849131 0.83150869],110,0.1648282736781735,0.12362378376237955
PWK,[0.33333333 0.66666667],[0.09090909 0.90909091],110,0.24240401680748744,0.18180680467145638
ACC,[0.33333333 0.66666667],[0.81690698 0.18309302],110,0.4835332983106044,0.36265753792321537
MAX,[0.33333333 0.66666667],[0.27806967 0.72193033],110,0.05525905760514532,0.04144515765316763
MS,[0.33333333 0.66666667],[0.20446593 0.79553407],110,0.12885665454472467,0.09664450668750829
MS2,[0.33333333 0.66666667],[0.10218584 0.89781416],110,0.23112820842846252,0.17334977199321394
PACC,[0.33333333 0.66666667],[1. 0.],110,0.6666110462205906,0.49996871284650524
T50,[0.33333333 0.66666667],[0.44867678 0.55132322],110,0.11533382137658199,0.08650217026592277
X_method,[0.33333333 0.66666667],[0.31262594 0.68737406],110,0.02070566700531265,0.015529574164675392
DyS,[0.33333333 0.66666667],[0.29473687 0.70526313],110,0.038593242687533,0.028945535752003666
DySsyn,[0.33333333 0.66666667],[4.45523940e-05 9.99955448e-01],110,0.3332609744332837,0.24995094421859324
HDy,[0.33333333 0.66666667],[0.45 0.55],110,0.11665693308860337,0.08749452474813842
SMM,[0.33333333 0.66666667],[0.46840579 0.53159421],110,0.13506118724662203,0.10129800327501481
SORD,[0.33333333 0.66666667],[0.45 0.55],110,0.11665693308860337,0.08749452474813842
HDx,[0.33333333 0.66666667],[0. 1.],110,0.33330552311029527,0.24998435642325256
CC,[0.44444444 0.55555556],[0.2 0.8],10,0.24442405028088324,0.21998348058969286
PCC,[0.44444444 0.55555556],[0.297 0.703],10,0.14743214305578725,0.1326900357920556
EMQ,[0.44444444 0.55555556],[0.45816349 0.54183651],10,0.013717903206596077,0.012346215891241751
FM,[0.44444444 0.55555556],[1. 0.],10,0.5555092051838255,0.49996245588566557
GAC,[0.44444444 0.55555556],[1. 0.],10,0.5555092051838255,0.49996245588566557
GPAC,[0.44444444 0.55555556],[0.97873503 0.02126497],10,0.534246010407696,0.4808254209255859
PWK,[0.44444444 0.55555556],[1.],10,0.5,0.45000375441143337
ACC,[0.44444444 0.55555556],[1. 0.],10,0.5555092051838255,0.49996245588566557
MAX,[0.44444444 0.55555556],[0.45085103 0.54914897],10,0.006406054357253804,0.005765497023455867
MS,[0.44444444 0.55555556],[1. 0.],10,0.5555092051838255,0.49996245588566557
MS2,[0.44444444 0.55555556],[0.55292061 0.44707939],10,0.10846711977729695,0.09762122225995654
PACC,[0.44444444 0.55555556],[1. 0.],10,0.5555092051838255,0.49996245588566557
T50,[0.44444444 0.55555556],[0.79278484 0.20721516],10,0.34831133697837513,0.31348281868866945
X_method,[0.44444444 0.55555556],[0.07073202 0.92926798],10,0.3736812422409077,0.3363159239230736
DyS,[0.44444444 0.55555556],[0.87372949 0.12627051],10,0.42924923192354425,0.386327531887638
DySsyn,[0.44444444 0.55555556],[0.16881826 0.83118174],10,0.2756031870727589,0.24804493782099624
HDy,[0.44444444 0.55555556],[0.375 0.625],10,0.06943865064797816,0.06249530698570817
SMM,[0.44444444 0.55555556],[0.76792778 0.23207222],10,0.32345634563959036,0.29111313985203585
SORD,[0.44444444 0.55555556],[0.82 0.18],10,0.37552422270426616,0.33797462017871
HDx,[0.44444444 0.55555556],[0.74 0.26],10,0.29553089715779524,0.26598002653117414
CC,[0.44444444 0.55555556],[0.1 0.9],30,0.34441570721397186,0.3099767226491127
PCC,[0.44444444 0.55555556],[0.27266667 0.72733333],30,0.17176344624283882,0.15458839135984775
EMQ,[0.44444444 0.55555556],[0.45315345 0.54684655],30,0.008708279216302545,0.0078375166835984
FM,[0.44444444 0.55555556],[0.32414456 0.67585544],30,0.12028984636068296,0.10826176495976365
GAC,[0.44444444 0.55555556],[1. 0.],30,0.5555092051838255,0.49996245588566557
GPAC,[0.44444444 0.55555556],[1. 0.],30,0.5555092051838255,0.49996245588566557
PWK,[0.44444444 0.55555556],[1.],30,0.5,0.45000375441143337
ACC,[0.44444444 0.55555556],[1. 0.],30,0.5555092051838255,0.49996245588566557
MAX,[0.44444444 0.55555556],[0.57755737 0.42244263],30,0.13310181988997427,0.11979263733896564
MS,[0.44444444 0.55555556],[0.61275996 0.38724004],30,0.1683014729887295,0.15147258943580544
MS2,[0.44444444 0.55555556],[0.68005094 0.31994906],30,0.23558683417903464,0.21202991974093877
PACC,[0.44444444 0.55555556],[1. 0.],30,0.5555092051838255,0.49996245588566557
T50,[0.44444444 0.55555556],[1. 0.],30,0.5555092051838255,0.49996245588566557
X_method,[0.44444444 0.55555556],[0. 1.],30,0.4444073641470604,0.3999699647085324
DyS,[0.44444444 0.55555556],[0.39769671 0.60230329],30,0.04674383775935556,0.042069804974617854
DySsyn,[0.44444444 0.55555556],[4.45523940e-05 9.99955448e-01],30,0.4443628154700488,0.39992987056471385
HDy,[0.44444444 0.55555556],[0.53 0.47],30,0.0855484175983092,0.07699421820639256
SMM,[0.44444444 0.55555556],[0.8910646 0.1089354],30,0.44658288984959194,0.40192795417644794
SORD,[0.44444444 0.55555556],[0.71 0.29],30,0.26553340007786863,0.23898205391334817
HDx,[0.44444444 0.55555556],[0. 1.],30,0.4444073641470604,0.3999699647085324
CC,[0.44444444 0.55555556],[0.06 0.94],50,0.38441236998720724,0.34597401947288053
PCC,[0.44444444 0.55555556],[0.1986 0.8014],50,0.24582393347794645,0.22124338597852472
EMQ,[0.44444444 0.55555556],[0.57465502 0.42534498],50,0.1301997107132124,0.11718071728845621
FM,[0.44444444 0.55555556],[0.52687353 0.47312647],50,0.08242220840483994,0.07418060645811914
GAC,[0.44444444 0.55555556],[0.75007773 0.24992227],50,0.305607784623393,0.2750493009157751
GPAC,[0.44444444 0.55555556],[0.46943898 0.53056102],50,0.024992447472229784,0.02249339038886788
PWK,[0.44444444 0.55555556],[0.12 0.88],50,0.3244173758273541,0.29197807423722866
ACC,[0.44444444 0.55555556],[0.25346121 0.74653879],50,0.19096729935306317,0.17187200335738104
MAX,[0.44444444 0.55555556],[0. 1.],50,0.4444073641470604,0.3999699647085324
MS,[0.44444444 0.55555556],[0.79240933 0.20759067],50,0.34793585915962577,0.31314488583239863
MS2,[0.44444444 0.55555556],[0.24780784 0.75219216],50,0.19662019478687348,0.1769596516944008
PACC,[0.44444444 0.55555556],[1. 0.],50,0.5555092051838255,0.49996245588566557
T50,[0.44444444 0.55555556],[0.1198624 0.8801376],50,0.3245549604481388,0.2921019014290335
X_method,[0.44444444 0.55555556],[0.90699385 0.09300615],50,0.4625108102750478,0.41626320215929136
DyS,[0.44444444 0.55555556],[0.46175817 0.53824183],50,0.017312282301063298,0.015581184065818186
DySsyn,[0.44444444 0.55555556],[0.03556348 0.96443652],50,0.4088468517561552,0.36796523653912916
HDy,[0.44444444 0.55555556],[0.42 0.58],50,0.024442405028088254,0.021998348058969223
SMM,[0.44444444 0.55555556],[0.2287882 0.7712118],50,0.21563825333393077,0.19407604718998528
SORD,[0.44444444 0.55555556],[0.47 0.53],50,0.025553423438455986,0.022998272970740627
HDx,[0.44444444 0.55555556],[0.66 0.34],50,0.21553757161132428,0.1939854328836382
CC,[0.44444444 0.55555556],[0.02857143 0.97142857],70,0.4158383193090351,0.3742576098344125
PCC,[0.44444444 0.55555556],[0.18442857 0.81557143],70,0.259994179717607,0.2339967139960882
EMQ,[0.44444444 0.55555556],[0.47548016 0.52451984],70,0.031033125519464327,0.027930045989760423
FM,[0.44444444 0.55555556],[0.77666733 0.22333267],70,0.33219516574293567,0.2989781435632989
GAC,[0.44444444 0.55555556],[0.25492458 0.74507542],70,0.18950405106517082,0.17055506891100572
GPAC,[0.44444444 0.55555556],[0.25116924 0.74883076],70,0.19325908097898195,0.17393462402929022
PWK,[0.44444444 0.55555556],[0.08571429 0.91428571],70,0.3587002296329845,0.3228329000861726
ACC,[0.44444444 0.55555556],[0.86940192 0.13059808],70,0.4249220246614397,0.3824330128595111
MAX,[0.44444444 0.55555556],[0.17933745 0.82066255],70,0.26508487178429013,0.23857837508120802
MS,[0.44444444 0.55555556],[1. 0.],70,0.5555092051838255,0.49996245588566557
MS2,[0.44444444 0.55555556],[0.38946734 0.61053266],70,0.054972513024937136,0.04947567450130627
PACC,[0.44444444 0.55555556],[1. 0.],70,0.5555092051838255,0.49996245588566557
T50,[0.44444444 0.55555556],[0.31212596 0.68787404],70,0.1323074468977063,0.11907769568111837
X_method,[0.44444444 0.55555556],[0.3422456 0.6577544],70,0.1021903160993638,0.09197205181840971
DyS,[0.44444444 0.55555556],[0.41020428 0.58979572],70,0.034237311265805453,0.03081383722113064
DySsyn,[0.44444444 0.55555556],[4.45523940e-05 9.99955448e-01],70,0.4443628154700488,0.39992987056471385
HDy,[0.44444444 0.55555556],[0.23 0.77],70,0.21442655320095666,0.19298550797186692
SMM,[0.44444444 0.55555556],[0.39851733 0.60148267],70,0.045923286990414425,0.04133130312120045
SORD,[0.44444444 0.55555556],[0.33 0.67],70,0.1144348962678681,0.10299226591244715
HDx,[0.44444444 0.55555556],[0.97 0.03],70,0.5255117081038989,0.4729644832678396
CC,[0.44444444 0.55555556],[0.05555556 0.94444444],90,0.38885644362867783,0.34997371911996583
PCC,[0.44444444 0.55555556],[0.21555556 0.78444444],90,0.22886979253573614,0.20598453182489423
EMQ,[0.44444444 0.55555556],[0.51035601 0.48964399],90,0.06590606367287039,0.059315952182541314
FM,[0.44444444 0.55555556],[0.36638027 0.63361973],90,0.07805766602582609,0.07025248554443106
GAC,[0.44444444 0.55555556],[0.42420771 0.57579229],90,0.02023504771918974,0.018211694888659792
GPAC,[0.44444444 0.55555556],[0.69579278 0.30420722],90,0.2513273649288532,0.22619651560863271
PWK,[0.44444444 0.55555556],[0.1 0.9],90,0.34441570721397186,0.3099767226491127
ACC,[0.44444444 0.55555556],[0.31334434 0.68665566],90,0.13108917062943207,0.11798123789185087
MAX,[0.44444444 0.55555556],[0.49308648 0.50691352],90,0.0486379762014941,0.04377454379529258
MS,[0.44444444 0.55555556],[0.46305215 0.53694785],90,0.018606151179649533,0.01674567577197802
MS2,[0.44444444 0.55555556],[0.55292061 0.44707939],90,0.10846711977729695,0.09762122225995654
PACC,[0.44444444 0.55555556],[1. 0.],90,0.5555092051838255,0.49996245588566557
T50,[0.44444444 0.55555556],[0.55913122 0.44086878],90,0.11467720592750219,0.10321034642557814
X_method,[0.44444444 0.55555556],[0.40861559 0.59138441],90,0.03582586748698627,0.03224354974838065
DyS,[0.44444444 0.55555556],[0.36562183 0.63437817],90,0.0788160418613543,0.07093502949091626
DySsyn,[0.44444444 0.55555556],[0.05575923 0.94424077],90,0.38865278270533454,0.3497904227597031
HDy,[0.44444444 0.55555556],[0.04 0.96],90,0.40441070137382495,0.3639726678847645
SMM,[0.44444444 0.55555556],[0.52387282 0.47612718],90,0.07942175351165934,0.07148017452437229
SORD,[0.44444444 0.55555556],[0.39 0.61],90,0.05443990210801486,0.048996320676795185
HDx,[0.44444444 0.55555556],[0.13 0.87],90,0.31441821013404525,0.2829787500312867
CC,[0.44444444 0.55555556],[0.06363636 0.93636364],110,0.38077630973509496,0.34270153794344715
PCC,[0.44444444 0.55555556],[0.21536364 0.78463636],110,0.22906169571570867,0.20615724612783648
EMQ,[0.44444444 0.55555556],[0.47089029 0.52910971],110,0.026443643324506466,0.023799477552689494
FM,[0.44444444 0.55555556],[0.45085103 0.54914897],110,0.006406054805317224,0.0057654974267163095
GAC,[0.44444444 0.55555556],[0.53193333 0.46806667],110,0.08748159094044253,0.07873408873016875
GPAC,[0.44444444 0.55555556],[0.86298593 0.13701407],110,0.4185065647102064,0.37665905073084877
PWK,[0.44444444 0.55555556],[0.07272727 0.92727273],110,0.3716861591048141,0.3345203341198634
ACC,[0.44444444 0.55555556],[0.81690698 0.18309302],110,0.37243145727383925,0.335191108068298
MAX,[0.44444444 0.55555556],[0.65818868 0.34181132],110,0.2137263979562512,0.1923553629942903
MS,[0.44444444 0.55555556],[0.44944235 0.55055765],110,0.004997485560642029,0.00449777452981168
MS2,[0.44444444 0.55555556],[0.58759252 0.41240748],110,0.14313613279595275,0.12882359430022447
PACC,[0.44444444 0.55555556],[1. 0.],110,0.5555092051838255,0.49996245588566557
T50,[0.44444444 0.55555556],[0.67808216 0.32191784],110,0.23361821809885572,0.2102581504867883
X_method,[0.44444444 0.55555556],[0.20895712 0.79104288],110,0.23546767984157616,0.21192267994251732
DyS,[0.44444444 0.55555556],[0.36657633 0.63342367],110,0.07786161690957738,0.07007603986770913
DySsyn,[0.44444444 0.55555556],[0.00878214 0.99121786],110,0.4356259563424081,0.3920666317463096
HDy,[0.44444444 0.55555556],[0.43 0.57],110,0.014443239334779479,0.012999023853027317
SMM,[0.44444444 0.55555556],[0.5800458 0.4199542],110,0.13559004599730326,0.12203205951921083
SORD,[0.44444444 0.55555556],[0.27 0.73],110,0.1744298904277212,0.15698821114809897
HDx,[0.44444444 0.55555556],[0. 1.],110,0.4444073641470604,0.3999699647085324
CC,[0.55555556 0.44444444],[0. 1.],10,0.5555092051838255,0.49996245588566557
PCC,[0.55555556 0.44444444],[0.275 0.725],10,0.28053214861783193,0.25248104022226114
EMQ,[0.55555556 0.44444444],[0.61610676 0.38389324],10,0.06054615268122113,0.05449199204343476
FM,[0.55555556 0.44444444],[0.45085103 0.54914897],10,0.10469578623144796,0.09422699375041688
GAC,[0.55555556 0.44444444],[1. 0.],10,0.4444073641470604,0.3999699647085324
GPAC,[0.55555556 0.44444444],[1. 0.],10,0.4444073641470604,0.3999699647085324
PWK,[0.55555556 0.44444444],[0.2 0.8],10,0.35552589131764845,0.3199759717668261
ACC,[0.55555556 0.44444444],[0. 1.],10,0.5555092051838255,0.49996245588566557
MAX,[0.55555556 0.44444444],[1. 0.],10,0.4444073641470604,0.3999699647085324
MS,[0.55555556 0.44444444],[0. 1.],10,0.5555092051838255,0.49996245588566557
MS2,[0.55555556 0.44444444],[0.93431158 0.06568842],10,0.37872442194574485,0.34085482352577007
PACC,[0.55555556 0.44444444],[1. 0.],10,0.4444073641470604,0.3999699647085324
T50,[0.55555556 0.44444444],[0. 1.],10,0.5555092051838255,0.49996245588566557
X_method,[0.55555556 0.44444444],[0.83097004 0.16902996],10,0.2753915099186502,0.24785442679285216
DyS,[0.55555556 0.44444444],[0.44519899 0.55480101],10,0.11034735562062689,0.09931344863731137
DySsyn,[0.55555556 0.44444444],[4.45523940e-05 9.99955448e-01],10,0.555464656506814,0.49992236174184707
HDy,[0.55555556 0.44444444],[0.98 0.02],10,0.4244090327604427,0.38197131629664843
SMM,[0.55555556 0.44444444],[1. 0.],10,0.4444073641470604,0.3999699647085324
SORD,[0.55555556 0.44444444],[0.61 0.39],10,0.05443990210801486,0.048996320676795185
HDx,[0.55555556 0.44444444],[0.98 0.02],10,0.4244090327604427,0.38197131629664843
CC,[0.55555556 0.44444444],[0.03333333 0.96666667],30,0.5221786528727961,0.4699647085325257
PCC,[0.55555556 0.44444444],[0.25333333 0.74666667],30,0.30219700762000107,0.27197957600180206
EMQ,[0.55555556 0.44444444],[0.51846064 0.48153936],30,0.03709181943515899,0.03338291600754503
FM,[0.55555556 0.44444444],[1.00000000e+00 1.11022302e-16],30,0.4444073641470603,0.3999699647085323
GAC,[0.55555556 0.44444444],[1. 0.],30,0.4444073641470604,0.3999699647085324
GPAC,[0.55555556 0.44444444],[0.12990827 0.87009173],30,0.42561177153871954,0.3830537902282501
PWK,[0.55555556 0.44444444],[0.03333333 0.96666667],30,0.5221786528727961,0.4699647085325257
ACC,[0.55555556 0.44444444],[1. 0.],30,0.4444073641470604,0.3999699647085324
MAX,[0.55555556 0.44444444],[0.45085103 0.54914897],30,0.10469578667951138,0.09422699415367732
MS,[0.55555556 0.44444444],[0.16363652 0.83636348],30,0.39188633347527724,0.3527006427328115
MS2,[0.55555556 0.44444444],[0.55292061 0.44707939],30,0.002634721259468231,0.0023712689171766486
PACC,[0.55555556 0.44444444],[1. 0.],30,0.4444073641470604,0.3999699647085324
T50,[0.55555556 0.44444444],[0.79278484 0.20721516],30,0.23720949594160995,0.2134903275115363
X_method,[0.55555556 0.44444444],[0.3241447 0.6758553],30,0.23139155221223193,0.20825413446918717
DyS,[0.55555556 0.44444444],[0.3481275 0.6518725],30,0.2074107489410044,0.1866712314574784
DySsyn,[0.55555556 0.44444444],[0.03112964 0.96887036],30,0.5243821616849951,0.47194788300926216
HDy,[0.55555556 0.44444444],[0.36 0.64],30,0.19553924022470665,0.17598678447175434
SMM,[0.55555556 0.44444444],[0.32862886 0.67137114],30,0.22690776122745215,0.2042186889148931
SORD,[0.55555556 0.44444444],[0.5 0.5],30,0.05555092051838259,0.04999624558856659
HDx,[0.55555556 0.44444444],[0.03 0.97],30,0.5255117081038989,0.4729644832678396
CC,[0.55555556 0.44444444],[0.02 0.98],50,0.5355108737972079,0.48196380747378165
PCC,[0.55555556 0.44444444],[0.2754 0.7246],50,0.2801321819900996,0.2521210672540235
EMQ,[0.55555556 0.44444444],[0.53614024 0.46385976],50,0.019413692692063583,0.01747246919683684
FM,[0.55555556 0.44444444],[0.83097153 0.16902847],50,0.2753929915126683,0.24785576023859346
GAC,[0.55555556 0.44444444],[1. 0.],50,0.4444073641470604,0.3999699647085324
GPAC,[0.55555556 0.44444444],[1. 0.],50,0.4444073641470604,0.3999699647085324
PWK,[0.55555556 0.44444444],[0.12 0.88],50,0.4355192168641193,0.39197056541436187
ACC,[0.55555556 0.44444444],[1. 0.],50,0.4444073641470604,0.3999699647085324
MAX,[0.55555556 0.44444444],[0.83097004 0.16902996],50,0.2753915099186502,0.24785442679285216
MS,[0.55555556 0.44444444],[0.52293527 0.47706473],50,0.0326175611334831,0.02935604993962369
MS2,[0.55555556 0.44444444],[0.47664242 0.52335758],50,0.07890654990051091,0.07101648740576605
PACC,[0.55555556 0.44444444],[1. 0.],50,0.4444073641470604,0.3999699647085324
T50,[0.55555556 0.44444444],[0.45632362 0.54367638],50,0.09922365277164702,0.08930203254731517
X_method,[0.55555556 0.44444444],[0.14675583 0.85324417],50,0.4087656239580405,0.3678921309109008
DyS,[0.55555556 0.44444444],[0.38570376 0.61429624],50,0.16983762612906447,0.15285513879680873
DySsyn,[0.55555556 0.44444444],[0.06830327 0.93169673],50,0.48721163124432876,0.43849412650573355
HDy,[0.55555556 0.44444444],[0.185 0.815],50,0.37052463985761164,0.33347495807573896
SMM,[0.55555556 0.44444444],[0.45642491 0.54357509],50,0.09912237480409969,0.08921088161604426
SORD,[0.55555556 0.44444444],[0.75 0.25],50,0.1944282218143389,0.17498685955998292
HDx,[0.55555556 0.44444444],[0. 1.],50,0.5555092051838255,0.49996245588566557
CC,[0.55555556 0.44444444],[0.12857143 0.87142857],70,0.42694850341271173,0.3842568589521259
PCC,[0.55555556 0.44444444],[0.206 0.794],70,0.3495263919016631,0.3145763772432609
EMQ,[0.55555556 0.44444444],[0.39128619 0.60871381],70,0.1642556626085729,0.147831329714391
FM,[0.55555556 0.44444444],[0.61375887 0.38624113],70,0.05819845999271964,0.052379050995374876
GAC,[0.55555556 0.44444444],[0.82625514 0.17374486],70,0.2706769954742028,0.24361132839239566
GPAC,[0.55555556 0.44444444],[0.25116924 0.74883076],70,0.30436092201574716,0.27392711520642343
PWK,[0.55555556 0.44444444],[0.05714286 0.94285714],70,0.498371115507775,0.4485377461374258
ACC,[0.55555556 0.44444444],[1. 0.],70,0.4444073641470604,0.3999699647085324
MAX,[0.55555556 0.44444444],[0.45085103 0.54914897],70,0.10469578667951138,0.09422699415367732
MS,[0.55555556 0.44444444],[0.09947603 0.90052397],70,0.4560414713934544,0.4104407485887376
MS2,[0.55555556 0.44444444],[0.49843619 0.50156381],70,0.05711459886021275,0.051403567837597426
PACC,[0.55555556 0.44444444],[1. 0.],70,0.4444073641470604,0.3999699647085324
T50,[0.55555556 0.44444444],[0.5524554 0.4475446],70,0.003099895996430818,0.002789929673357679
X_method,[0.55555556 0.44444444],[0.77666733 0.22333267],70,0.2210933246903414,0.1989856523719194
DyS,[0.55555556 0.44444444],[0.3501931 0.6498069],70,0.20534532066132855,0.18481233049683507
DySsyn,[0.55555556 0.44444444],[4.45523940e-05 9.99955448e-01],70,0.555464656506814,0.49992236174184707
HDy,[0.55555556 0.44444444],[0.165 0.835],70,0.3905229712442294,0.35147360648762294
SMM,[0.55555556 0.44444444],[0.7322704 0.2677296],70,0.1767000999088093,0.15903141672767912
SORD,[0.55555556 0.44444444],[0.69 0.31],70,0.1344332276544857,0.120990914324331
HDx,[0.55555556 0.44444444],[0.48 0.52],70,0.07554925190500034,0.06799489400045057
CC,[0.55555556 0.44444444],[0.06666667 0.93333333],90,0.48884810056176653,0.4399669611793858
PCC,[0.55555556 0.44444444],[0.23088889 0.76911111],90,0.3246395795094277,0.292178059219583
EMQ,[0.55555556 0.44444444],[0.56800351 0.43199649],90,0.012446920138723061,0.011202321586569313
FM,[0.55555556 0.44444444],[0.53532193 0.46467807],90,0.020231937373039327,0.01820889555376938
GAC,[0.55555556 0.44444444],[0.57233044 0.42766956],90,0.01677348943447346,0.015096266440187136
GPAC,[0.55555556 0.44444444],[0.55432165 0.44567835],90,0.0012337994064736124,0.0011104287302074476
PWK,[0.55555556 0.44444444],[0.1 0.9],90,0.45551754825073704,0.40996921382624585
ACC,[0.55555556 0.44444444],[0.61275996 0.38724004],90,0.057199631951964314,0.05148009825867225
MAX,[0.55555556 0.44444444],[0.83097004 0.16902996],90,0.2753915099186502,0.24785442679285216
MS,[0.55555556 0.44444444],[0.76246777 0.23753223],90,0.20689495376104441,0.1862070119224998
MS2,[0.55555556 0.44444444],[0.76480448 0.23519552],90,0.20923146941009477,0.18830989355112723
PACC,[0.55555556 0.44444444],[1. 0.],90,0.4444073641470604,0.3999699647085324
T50,[0.55555556 0.44444444],[0.37220832 0.62779168],90,0.1833319399499613,0.1650001225620281
X_method,[0.55555556 0.44444444],[0.66202826 0.33797174],90,0.10646382254168965,0.09581823970550588
DyS,[0.55555556 0.44444444],[0.16295178 0.83704822],90,0.39257101981518583,0.35331686557991765
DySsyn,[0.55555556 0.44444444],[0.03013224 0.96986776],90,0.5253794821402222,0.47284547890766926
HDy,[0.55555556 0.44444444],[0.465 0.535],90,0.09054800044496364,0.08149388030936355
SMM,[0.55555556 0.44444444],[0.43623491 0.56376509],90,0.11931069106195621,0.10738051783860589
SORD,[0.55555556 0.44444444],[0.41 0.59],90,0.1455434117581623,0.1309901634420444
HDx,[0.55555556 0.44444444],[0. 1.],90,0.5555092051838255,0.49996245588566557
CC,[0.55555556 0.44444444],[0.12727273 0.87272727],110,0.42824709635989466,0.38542560235549495
PCC,[0.55555556 0.44444444],[0.19672727 0.80327273],110,0.3587983455445495,0.3229212051433161
EMQ,[0.55555556 0.44444444],[0.48334382 0.51665618],110,0.07220571078602797,0.06498568188731743
FM,[0.55555556 0.44444444],[0.41629545 0.58370455],110,0.13924848327882047,0.12532468054313384
GAC,[0.55555556 0.44444444],[0.77431599 0.22568401],110,0.21874218736200396,0.19686961112214196
GPAC,[0.55555556 0.44444444],[0.51573862 0.48426138],110,0.03981361491622992,0.03583255237798902
PWK,[0.55555556 0.44444444],[0.11818182 0.88181818],110,0.43733724699017545,0.3936068061790786
ACC,[0.55555556 0.44444444],[1. 0.],110,0.4444073641470604,0.3999699647085324
MAX,[0.55555556 0.44444444],[0.6236324 0.3763676],110,0.06807116631965307,0.06126456082201799
MS,[0.55555556 0.44444444],[0.81690698 0.18309302],110,0.26132961623707407,0.23519861689116484
MS2,[0.55555556 0.44444444],[0.27554537 0.72445463],110,0.27998682540871433,0.2519902452393199
PACC,[0.55555556 0.44444444],[1. 0.],110,0.4444073641470604,0.3999699647085324
T50,[0.55555556 0.44444444],[0.8692533 0.1307467],110,0.3136715751946229,0.2823067729794571
X_method,[0.55555556 0.44444444],[0.45085103 0.54914897],110,0.10469578667951138,0.09422699415367732
DyS,[0.55555556 0.44444444],[0.21000511 0.78999489],110,0.34552161580971485,0.31097204868935313
DySsyn,[0.55555556 0.44444444],[4.45523940e-05 9.99955448e-01],110,0.555464656506814,0.49992236174184707
HDy,[0.55555556 0.44444444],[0.195 0.805],110,0.3605254741643028,0.324475633869797
SMM,[0.55555556 0.44444444],[0.74069851 0.25930149],110,0.1851275046546689,0.16661614427884222
SORD,[0.55555556 0.44444444],[0.57 0.43],110,0.01444323933477945,0.012999023853027293
HDx,[0.55555556 0.44444444],[0.15 0.85],110,0.4055217197841927,0.36497259279653593
CC,[0.66666667 0.33333333],[0. 1.],10,0.6666110462205905,0.4999687128465051
PCC,[0.66666667 0.33333333],[0.22 0.78],10,0.4466294009677957,0.33497903760715847
EMQ,[0.66666667 0.33333333],[0.84159362 0.15840638],10,0.1749123585661086,0.13118700517948675
FM,[0.66666667 0.33333333],[0.45085103 0.54914897],10,0.215797627268213,0.16185159629790383
GAC,[0.66666667 0.33333333],[1. 0.],10,0.3333055231102953,0.24998435642325262
GPAC,[0.66666667 0.33333333],[0.97873503 0.02126497],10,0.3120423283341658,0.2340366277087361
PWK,[0.66666667 0.33333333],[0.1 0.9],10,0.566619389287502,0.4249734059195294
ACC,[0.66666667 0.33333333],[0. 1.],10,0.6666110462205905,0.4999687128465051
MAX,[0.66666667 0.33333333],[0. 1.],10,0.6666110462205905,0.4999687128465051
MS,[0.66666667 0.33333333],[1. 0.],10,0.3333055231102953,0.24998435642325262
MS2,[0.66666667 0.33333333],[1. 0.],10,0.3333055231102953,0.24998435642325262
PACC,[0.66666667 0.33333333],[1. 0.],10,0.3333055231102953,0.24998435642325262
T50,[0.66666667 0.33333333],[0.79278484 0.20721516],10,0.1261076549048449,0.09458271395341163
X_method,[0.66666667 0.33333333],[1. 0.],10,0.3333055231102953,0.24998435642325262
DyS,[0.66666667 0.33333333],[4.45523940e-05 9.99955448e-01],10,0.666566497543579,0.4999353006418458
DySsyn,[0.66666667 0.33333333],[4.45523940e-05 9.99955448e-01],10,0.666566497543579,0.4999353006418458
HDy,[0.66666667 0.33333333],[0.26 0.74],10,0.40663273819456025,0.30498091483636813
SMM,[0.66666667 0.33333333],[0.2287882 0.7712118],10,0.43784193540746097,0.32838830096951555
SORD,[0.66666667 0.33333333],[0.39 0.61],10,0.2766435841815451,0.20748701583129966
HDx,[0.66666667 0.33333333],[0.99 0.01],10,0.32330635741698655,0.2424848257305551
CC,[0.66666667 0.33333333],[0.03333333 0.96666667],30,0.6332804939095611,0.47497027720417995
PCC,[0.66666667 0.33333333],[0.256 0.744],30,0.41063240447188376,0.30798072711344715
EMQ,[0.66666667 0.33333333],[0.67841623 0.32158377],30,0.01174858048646596,0.008811619154669983
FM,[0.66666667 0.33333333],[0.57755746 0.42244254],30,0.08910176967660965,0.0668277211278295
GAC,[0.66666667 0.33333333],[1. 0.],30,0.3333055231102953,0.24998435642325262
GPAC,[0.66666667 0.33333333],[0.55432165 0.44567835],30,0.11233564044323865,0.08425348766364174
PWK,[0.66666667 0.33333333],[0.03333333 0.96666667],30,0.6332804939095611,0.47497027720417995
ACC,[0.66666667 0.33333333],[1. 0.],30,0.3333055231102953,0.24998435642325262
MAX,[0.66666667 0.33333333],[0.95767638 0.04232362],30,0.2909854344146059,0.21824362786393006
MS,[0.66666667 0.33333333],[1. 0.],30,0.3333055231102953,0.24998435642325262
MS2,[0.66666667 0.33333333],[0.42579029 0.57420971],30,0.24085627669797094,0.18064597537712784
PACC,[0.66666667 0.33333333],[1. 0.],30,0.3333055231102953,0.24998435642325262
T50,[0.66666667 0.33333333],[1. 0.],30,0.3333055231102953,0.24998435642325262
X_method,[0.66666667 0.33333333],[0.3241447 0.6758553],30,0.34249339324899697,0.2568754027584305
DyS,[0.66666667 0.33333333],[0.40892105 0.59107895],30,0.25772411705005904,0.19329711951454903
DySsyn,[0.66666667 0.33333333],[0.02111253 0.97888747],30,0.6455002781552714,0.4841353065495954
HDy,[0.66666667 0.33333333],[0.39 0.61],30,0.2766435841815451,0.20748701583129966
SMM,[0.66666667 0.33333333],[0.75794371 0.24205629],30,0.0912694302517345,0.06845350046913772
SORD,[0.66666667 0.33333333],[0.64 0.36],30,0.026664441848823578,0.019998748513860173
HDx,[0.66666667 0.33333333],[0.98 0.02],30,0.3133071917236776,0.23498529503785745
CC,[0.66666667 0.33333333],[0.08 0.92],50,0.5866177206741198,0.4399724673049246
PCC,[0.66666667 0.33333333],[0.2234 0.7766],50,0.4432296846320707,0.3324291971716413
EMQ,[0.66666667 0.33333333],[0.58669809 0.41330191],50,0.07996190957059152,0.05997268306821288
FM,[0.66666667 0.33333333],[0.60289863 0.39710137],50,0.06376271435744132,0.04782303324499667
GAC,[0.66666667 0.33333333],[0.4834568 0.5165432],50,0.18319457854597043,0.137398799727927
GPAC,[0.66666667 0.33333333],[0.724087 0.275913],50,0.05741554747030417,0.04306255878725147
PWK,[0.66666667 0.33333333],[0.12 0.88],50,0.5466210579008843,0.4099743445341343
ACC,[0.66666667 0.33333333],[1. 0.],50,0.3333055231102953,0.24998435642325262
MAX,[0.66666667 0.33333333],[0.52687484 0.47312516],50,0.139780168396644,0.10483731295927509
MS,[0.66666667 0.33333333],[1. 0.],50,0.3333055231102953,0.24998435642325262
MS2,[0.66666667 0.33333333],[0.78175519 0.21824481],50,0.11507892362689466,0.08631099296614476
PACC,[0.66666667 0.33333333],[1. 0.],50,0.3333055231102953,0.24998435642325262
T50,[0.66666667 0.33333333],[0.45632362 0.54367638],50,0.21032549380841206,0.15774741059931338
X_method,[0.66666667 0.33333333],[0.22277963 0.77722037],50,0.44385000567517363,0.33289444765800835
DyS,[0.66666667 0.33333333],[0.49954954 0.50045046],50,0.16710318563163962,0.12533000331523889
DySsyn,[0.66666667 0.33333333],[4.45523940e-05 9.99955448e-01],50,0.666566497543579,0.4999353006418458
HDy,[0.66666667 0.33333333],[0.09 0.91],50,0.5766185549808109,0.432472936612227
SMM,[0.66666667 0.33333333],[1. 0.],50,0.3333055231102953,0.24998435642325262
SORD,[0.66666667 0.33333333],[0.72 0.28],50,0.05332888369764724,0.03999749702772041
HDx,[0.66666667 0.33333333],[0.99 0.01],50,0.32330635741698655,0.2424848257305551
CC,[0.66666667 0.33333333],[0.12857143 0.87142857],70,0.5380503444494767,0.4035461753689649
PCC,[0.66666667 0.33333333],[0.21471429 0.78528571],70,0.4519146742628304,0.3389430752590129
EMQ,[0.66666667 0.33333333],[0.54800879 0.45199121],70,0.11864797646733038,0.08898783842922359
FM,[0.66666667 0.33333333],[0.66806196 0.33193804],70,0.001395181245187005,0.0010464077595151394
GAC,[0.66666667 0.33333333],[0.63581162 0.36418838],70,0.030852475159909493,0.02313983901299513
GPAC,[0.66666667 0.33333333],[1. 0.],70,0.3333055231102953,0.24998435642325262
PWK,[0.66666667 0.33333333],[0.12857143 0.87142857],70,0.5380503444494767,0.4035461753689649
ACC,[0.66666667 0.33333333],[0.48443898 0.51556102],70,0.18221248492115505,0.1366622141458585
MAX,[0.66666667 0.33333333],[0.50515375 0.49484625],70,0.16149944248796758,0.12112710829489891
MS,[0.66666667 0.33333333],[0. 1.],70,0.6666110462205905,0.4999687128465051
MS2,[0.66666667 0.33333333],[0.55292061 0.44707939],70,0.11373656229623327,0.08530420096881622
PACC,[0.66666667 0.33333333],[1. 0.],70,0.3333055231102953,0.24998435642325262
T50,[0.66666667 0.33333333],[0.97303193 0.02696807],70,0.30633969885837553,0.22975956639237152
X_method,[0.66666667 0.33333333],[0.45085103 0.54914897],70,0.21579762771627642,0.1618515966339584
DyS,[0.66666667 0.33333333],[0.86376523 0.13623477],70,0.19708211853083007,0.14781467196736933
DySsyn,[0.66666667 0.33333333],[0.03492252 0.96507748],70,0.6316914431165361,0.4737784642509732
HDy,[0.66666667 0.33333333],[0.37 0.63],70,0.2966419155681628,0.22248607721669478
SMM,[0.66666667 0.33333333],[0.89772064 0.10227936],70,0.23103469665227833,0.17327963669821714
SORD,[0.66666667 0.33333333],[0.34 0.66],70,0.3266394126480894,0.24498466929478754
HDx,[0.66666667 0.33333333],[0.87 0.13],70,0.20331636909728024,0.15249045741818415
CC,[0.66666667 0.33333333],[0.1 0.9],90,0.566619389287502,0.4249734059195294
PCC,[0.66666667 0.33333333],[0.22911111 0.77088889],90,0.437519050002781,0.3281461318649229
EMQ,[0.66666667 0.33333333],[0.62444441 0.37555559],90,0.04221873263144507,0.031664709925567906
FM,[0.66666667 0.33333333],[0.74649916 0.25350084],90,0.0798258332679126,0.0598706237124836
GAC,[0.66666667 0.33333333],[1. 0.],90,0.3333055231102953,0.24998435642325262
GPAC,[0.66666667 0.33333333],[0.2713794 0.7286206],90,0.3952542881586424,0.29644689930977336
PWK,[0.66666667 0.33333333],[0.08888889 0.91111111],90,0.5777295733911785,0.4333062178003045
ACC,[0.66666667 0.33333333],[1. 0.],90,0.3333055231102953,0.24998435642325262
MAX,[0.66666667 0.33333333],[0.53532192 0.46467808],90,0.13133378402779616,0.09850239255097709
MS,[0.66666667 0.33333333],[0.76246777 0.23753223],90,0.09579311272427937,0.07184633309012031
MS2,[0.66666667 0.33333333],[0.68005094 0.31994906],90,0.01338315210550442,0.0100375734394954
PACC,[0.66666667 0.33333333],[1. 0.],90,0.3333055231102953,0.24998435642325262
T50,[0.66666667 0.33333333],[0.41893904 0.58106096],90,0.2477069547765517,0.1857840911051717
X_method,[0.66666667 0.33333333],[0.45085103 0.54914897],90,0.21579762771627642,0.1618515966339584
DyS,[0.66666667 0.33333333],[0.77037181 0.22962819],90,0.10369649155689774,0.07777399085169741
DySsyn,[0.66666667 0.33333333],[4.45523940e-05 9.99955448e-01],90,0.666566497543579,0.4999353006418458
HDy,[0.66666667 0.33333333],[0.33 0.67],90,0.3366385783413982,0.2524841999874851
SMM,[0.66666667 0.33333333],[0.66254041 0.33745959],90,0.004125910307365921,0.003094497274518987
SORD,[0.66666667 0.33333333],[0.63 0.37],90,0.036663607542132465,0.02749827920655777
HDx,[0.66666667 0.33333333],[0.7 0.3],90,0.033330552311029576,0.024998435642325293
CC,[0.66666667 0.33333333],[0.05454545 0.94545455],110,0.6120701424389059,0.45906218179542746
PCC,[0.66666667 0.33333333],[0.25318182 0.74681818],110,0.41345035116727086,0.31009423121775287
EMQ,[0.66666667 0.33333333],[0.61140444 0.38859556],110,0.055257615225618256,0.041444075845958356
FM,[0.66666667 0.33333333],[0.58907919 0.41092081],110,0.07758100023677028,0.058186963821909056
GAC,[0.66666667 0.33333333],[1. 0.],110,0.3333055231102953,0.24998435642325262
GPAC,[0.66666667 0.33333333],[0.39998951 0.60001049],110,0.266654902648619,0.19999534842289893
PWK,[0.66666667 0.33333333],[0.09090909 0.90909091],110,0.5757095399177827,0.431791161094709
ACC,[0.66666667 0.33333333],[1. 0.],110,0.3333055231102953,0.24998435642325262
MAX,[0.66666667 0.33333333],[0.51996358 0.48003642],110,0.1466908465166106,0.11002042965697358
MS,[0.66666667 0.33333333],[1. 0.],110,0.3333055231102953,0.24998435642325262
MS2,[0.66666667 0.33333333],[0.4489049 0.5510951],110,0.2177436013522004,0.1633111073028893
PACC,[0.66666667 0.33333333],[1. 0.],110,0.3333055231102953,0.24998435642325262
T50,[0.66666667 0.33333333],[0.71631638 0.28368362],110,0.049645575651831975,0.03723495837324686
X_method,[0.66666667 0.33333333],[0.86552632 0.13447368],110,0.19884305948171804,0.14913540522795024
DyS,[0.66666667 0.33333333],[0.60142852 0.39857148],110,0.06523270610943652,0.04892555005492185
DySsyn,[0.66666667 0.33333333],[0.05869768 0.94130232],110,0.6079182682608933,0.4559482112117557
HDy,[0.66666667 0.33333333],[0.785 0.215],110,0.1183234607041549,0.08874444653025473
SMM,[0.66666667 0.33333333],[0.75794371 0.24205629],110,0.09126943025173784,0.06845350046914021
SORD,[0.66666667 0.33333333],[0.65 0.35],110,0.016665276155514802,0.012499217821162657
HDx,[0.66666667 0.33333333],[0.82 0.18],110,0.15332054063073594,0.11499280395469627
CC,[0.77777778 0.22222222],[0.1 0.9],10,0.6777212303242671,0.43569091591725817
PCC,[0.77777778 0.22222222],[0.211 0.789],10,0.5667304911285387,0.3643376003432678
EMQ,[0.77777778 0.22222222],[0.53702059 0.46297941],10,0.24073709663187187,0.1547641735771164
FM,[0.77777778 0.22222222],[0.45085103 0.54914897],10,0.32689946830497807,0.21015592014214154
GAC,[0.77777778 0.22222222],[1. 0.],10,0.22220368207353028,0.14284948062860928
GPAC,[0.77777778 0.22222222],[0.97873503 0.02126497],10,0.20094048729740077,0.1291798766781674
PWK,[0.77777778 0.22222222],[1.],10,0.5,0.3214381492142385
ACC,[0.77777778 0.22222222],[0. 1.],10,0.7777128872573555,0.4999731822001322
MAX,[0.77777778 0.22222222],[0.07073202 0.92926798],10,0.706986765351203,0.4545050347469036
MS,[0.77777778 0.22222222],[1. 0.],10,0.22220368207353028,0.14284948062860928
MS2,[0.77777778 0.22222222],[0.55292061 0.44707939],10,0.22483840333299832,0.1445432804792869
PACC,[0.77777778 0.22222222],[1. 0.],10,0.22220368207353028,0.14284948062860928
T50,[0.77777778 0.22222222],[0. 1.],10,0.7777128872573555,0.4999731822001322
X_method,[0.77777778 0.22222222],[0.07073202 0.92926798],10,0.706986765351203,0.4545050347469036
DyS,[0.77777778 0.22222222],[9.99955448e-01 4.45523940e-05],10,0.22215913339651872,0.1428208413400322
DySsyn,[0.77777778 0.22222222],[0.25241642 0.74758358],10,0.5253175223108109,0.337714184242793
HDy,[0.77777778 0.22222222],[1. 0.],10,0.22220368207353028,0.14284948062860928
SMM,[0.77777778 0.22222222],[0.0790272 0.9209728],10,0.6986922761590932,0.4491727042377251
SORD,[0.77777778 0.22222222],[0.08 0.92],10,0.6977195617108849,0.44854736917383303
HDx,[0.77777778 0.22222222],[0.53 0.47],10,0.24775710551198607,0.15927717090089924
CC,[0.77777778 0.22222222],[0.1 0.9],30,0.6777212303242671,0.43569091591725817
PCC,[0.77777778 0.22222222],[0.26566667 0.73433333],30,0.5120683853384504,0.32919662810863004
EMQ,[0.77777778 0.22222222],[0.90894839 0.09105161],30,0.13115966582969243,0.08431944047170868
FM,[0.77777778 0.22222222],[0.45085103 0.54914897],30,0.32689946830497807,0.21015592014214154
GAC,[0.77777778 0.22222222],[1. 0.],30,0.22220368207353028,0.14284948062860928
GPAC,[0.77777778 0.22222222],[1. 0.],30,0.22220368207353028,0.14284948062860928
PWK,[0.77777778 0.22222222],[0.2 0.8],30,0.5777295733911785,0.37140864963438397
ACC,[0.77777778 0.22222222],[1. 0.],30,0.22220368207353028,0.14284948062860928
MAX,[0.77777778 0.22222222],[1. 0.],30,0.22220368207353028,0.14284948062860928
MS,[0.77777778 0.22222222],[1. 0.],30,0.22220368207353028,0.14284948062860928
MS2,[0.77777778 0.22222222],[0.55292061 0.44707939],30,0.22483840333299832,0.1445432804792869
PACC,[0.77777778 0.22222222],[1. 0.],30,0.22220368207353028,0.14284948062860928
T50,[0.77777778 0.22222222],[0.79278484 0.20721516],30,0.015005813868079865,0.009646882074417891
X_method,[0.77777778 0.22222222],[0.45085103 0.54914897],30,0.32689946875304143,0.21015592043019088
DyS,[0.77777778 0.22222222],[9.99955448e-01 4.45523940e-05],30,0.22215913339651872,0.1428208413400322
DySsyn,[0.77777778 0.22222222],[0.03132038 0.96867962],30,0.7463951197350691,0.47983973174036115
HDy,[0.77777778 0.22222222],[0.17 0.83],30,0.6077270704711051,0.39069332951924624
SMM,[0.77777778 0.22222222],[0. 1.],30,0.7777128872573555,0.4999731822001322
SORD,[0.77777778 0.22222222],[0.35 0.65],30,0.42774208799154556,0.27498525021007275
HDx,[0.77777778 0.22222222],[0.95 0.05],30,0.17220785360698598,0.1107083474871722
CC,[0.77777778 0.22222222],[0.08 0.92],50,0.6977195617108849,0.44854736917383303
PCC,[0.77777778 0.22222222],[0.2504 0.7496],50,0.5273337782969019,0.3390103874278154
EMQ,[0.77777778 0.22222222],[0.69409193 0.30590807],50,0.08367886614630182,0.05379515972482651
FM,[0.77777778 0.22222222],[0.90699372 0.09300628],50,0.12920516260401738,0.08306293667272018
GAC,[0.77777778 0.22222222],[1. 0.],50,0.22220368207353028,0.14284948062860928
GPAC,[0.77777778 0.22222222],[1. 0.],50,0.22220368207353028,0.14284948062860928
PWK,[0.77777778 0.22222222],[0.18 0.82],50,0.5977279047777961,0.3842651028909588
ACC,[0.77777778 0.22222222],[0.52293527 0.47706473],50,0.25482124320701316,0.16381853759386733
MAX,[0.77777778 0.22222222],[0.45085103 0.54914897],50,0.32689946875304143,0.21015592043019088
MS,[0.77777778 0.22222222],[1. 0.],50,0.22220368207353028,0.14284948062860928
MS2,[0.77777778 0.22222222],[0.55292061 0.44707939],50,0.22483840333299832,0.1445432804792869
PACC,[0.77777778 0.22222222],[1. 0.],50,0.22220368207353028,0.14284948062860928
T50,[0.77777778 0.22222222],[0.70866954 0.29133046],50,0.06910247331023445,0.04442434225393615
X_method,[0.77777778 0.22222222],[0.67892244 0.32107756],50,0.09884709079414447,0.06354645184016319
DyS,[0.77777778 0.22222222],[0.87464336 0.12535664],50,0.09685750049907968,0.062267391395882714
DySsyn,[0.77777778 0.22222222],[4.45523940e-05 9.99955448e-01],50,0.777668338580344,0.49994454291155516
HDy,[0.77777778 0.22222222],[0.685 0.315],50,0.09277003726569871,0.059639658162444265
SMM,[0.77777778 0.22222222],[0.91768877 0.08231123],50,0.13989932224416232,0.08993795843697977
SORD,[0.77777778 0.22222222],[1. 0.],50,0.22220368207353028,0.14284948062860928
HDx,[0.77777778 0.22222222],[0.95 0.05],50,0.17220785360698598,0.1107083474871722
CC,[0.77777778 0.22222222],[0.12857143 0.87142857],70,0.6491521854862419,0.4173245541221513
PCC,[0.77777778 0.22222222],[0.23728571 0.76271429],70,0.5404469698775556,0.34744054749176956
EMQ,[0.77777778 0.22222222],[0.57207334 0.42792666],70,0.20568728016291907,0.13223147730495852
FM,[0.77777778 0.22222222],[0.45085103 0.54914897],70,0.32689946830497807,0.21015592014214154
GAC,[0.77777778 0.22222222],[1. 0.],70,0.22220368207353028,0.14284948062860928
GPAC,[0.77777778 0.22222222],[0.79684358 0.20315642],70,0.01906421537502427,0.012255932212738864
PWK,[0.77777778 0.22222222],[0.1 0.9],70,0.6777212303242671,0.43569091591725817
ACC,[0.77777778 0.22222222],[1. 0.],70,0.22220368207353028,0.14284948062860928
MAX,[0.77777778 0.22222222],[0.6680619 0.3319381],70,0.10970672783980617,0.07052785510635494
MS,[0.77777778 0.22222222],[1. 0.],70,0.22220368207353028,0.14284948062860928
MS2,[0.77777778 0.22222222],[0.55292061 0.44707939],70,0.22483840333299832,0.1445432804792869
PACC,[0.77777778 0.22222222],[1. 0.],70,0.22220368207353028,0.14284948062860928
T50,[0.77777778 0.22222222],[1. 0.],70,0.22220368207353028,0.14284948062860928
X_method,[0.77777778 0.22222222],[0.77666733 0.22333267],70,0.0011103573831886815,0.0007138224444370696
DyS,[0.77777778 0.22222222],[0.93343732 0.06656268],70,0.15564655185720408,0.10006147912111536
DySsyn,[0.77777778 0.22222222],[0.02813229 0.97186771],70,0.7495829454607486,0.481889109342921
HDy,[0.77777778 0.22222222],[0.945 0.055],70,0.1672082707603316,0.10749423417302853
SMM,[0.77777778 0.22222222],[0.8806051 0.1193949],70,0.102818741362385,0.06609973185612501
SORD,[0.77777778 0.22222222],[0.65 0.35],70,0.12776711719227984,0.0821384513614503
HDx,[0.77777778 0.22222222],[0.97 0.03],70,0.19220618499360376,0.12356480074374708
CC,[0.77777778 0.22222222],[0.1 0.9],90,0.6777212303242671,0.43569091591725817
PCC,[0.77777778 0.22222222],[0.26177778 0.73822222],90,0.5159569497747372,0.3316964940196307
EMQ,[0.77777778 0.22222222],[0.69320646 0.30679354],90,0.0845642594743772,0.05436435811023289
FM,[0.77777778 0.22222222],[0.74649916 0.25350084],90,0.03127600776885245,0.020106604104060153
GAC,[0.77777778 0.22222222],[1. 0.],90,0.22220368207353028,0.14284948062860928
GPAC,[0.77777778 0.22222222],[1. 0.],90,0.22220368207353028,0.14284948062860928
PWK,[0.77777778 0.22222222],[0.11111111 0.88888889],90,0.6666110462205905,0.42854844188582764
ACC,[0.77777778 0.22222222],[1. 0.],90,0.22220368207353028,0.14284948062860928
MAX,[0.77777778 0.22222222],[0.45085103 0.54914897],90,0.32689946875304143,0.21015592043019088
MS,[0.77777778 0.22222222],[1. 0.],90,0.22220368207353028,0.14284948062860928
MS2,[0.77777778 0.22222222],[0.84955803 0.15044197],90,0.07177426360438975,0.04614197290841984
PACC,[0.77777778 0.22222222],[1. 0.],90,0.22220368207353028,0.14284948062860928
T50,[0.77777778 0.22222222],[0.65259267 0.34740733],90,0.12517466476244382,0.0804718251395054
X_method,[0.77777778 0.22222222],[0.40861559 0.59138441],90,0.3691313905972815,0.23730582202093667
DyS,[0.77777778 0.22222222],[0.59297138 0.40702862],90,0.1847909839895259,0.11879774377014238
DySsyn,[0.77777778 0.22222222],[4.45523940e-05 9.99955448e-01],90,0.777668338580344,0.49994454291155516
HDy,[0.77777778 0.22222222],[0.81 0.19],90,0.032219533900662,0.020713174691148417
SMM,[0.77777778 0.22222222],[0.91436075 0.08563925],90,0.13657157780605336,0.08779863041049234
SORD,[0.77777778 0.22222222],[0.96 0.04],90,0.1822070193002949,0.11713657411545966
HDx,[0.77777778 0.22222222],[0.99 0.01],90,0.21220451638022148,0.1364212540003219
CC,[0.77777778 0.22222222],[0.09090909 0.90909091],110,0.6868113809545477,0.44153475830661026
PCC,[0.77777778 0.22222222],[0.26081818 0.73918182],110,0.5169164656746,0.33231334404961776
EMQ,[0.77777778 0.22222222],[0.73766031 0.26233969],110,0.04011412557721958,0.025788420565778018
FM,[0.77777778 0.22222222],[0.96919512 0.03080488],110,0.19140137363867926,0.12304740659896
GAC,[0.77777778 0.22222222],[0.65312466 0.34687534],110,0.12464271352275444,0.08012984629558946
GPAC,[0.77777778 0.22222222],[1. 0.],110,0.22220368207353028,0.14284948062860928
PWK,[0.77777778 0.22222222],[0.09090909 0.90909091],110,0.6868113809545477,0.44153475830661026
ACC,[0.77777778 0.22222222],[1. 0.],110,0.22220368207353028,0.14284948062860928
MAX,[0.77777778 0.22222222],[1. 0.],110,0.22220368207353028,0.14284948062860928
MS,[0.77777778 0.22222222],[0.81690698 0.18309302],110,0.039125934163543985,0.025153135727615447
MS2,[0.77777778 0.22222222],[0.76095205 0.23904795],110,0.016824325221063738,0.010815959921674325
PACC,[0.77777778 0.22222222],[1. 0.],110,0.22220368207353028,0.14284948062860928
T50,[0.77777778 0.22222222],[0.67808216 0.32191784],110,0.09968730501143955,0.06408660564606483
X_method,[0.77777778 0.22222222],[0.93463886 0.06536114],110,0.1568479996446188,0.1008338614274436
DyS,[0.77777778 0.22222222],[0.78716226 0.21283774],110,0.009383695210797446,0.00603255524269849
DySsyn,[0.77777778 0.22222222],[4.45523940e-05 9.99955448e-01],110,0.777668338580344,0.49994454291155516
HDy,[0.77777778 0.22222222],[0.88 0.12],110,0.10221369375382403,0.06571076108916034
SMM,[0.77777778 0.22222222],[0.62542792 0.37457208],110,0.1523371438660606,0.09793393916177941
SORD,[0.77777778 0.22222222],[0.92 0.08],110,0.14221035652705946,0.09142366760231
HDx,[0.77777778 0.22222222],[0.97 0.03],110,0.19220618499360376,0.12356480074374708
CC,[0.88888889 0.11111111],[0.4 0.6],10,0.4888481005617664,0.274987093847285
PCC,[0.88888889 0.11111111],[0.218 0.782],10,0.6708329161799877,0.3773572892386152
EMQ,[0.88888889 0.11111111],[9.99972002e-01 2.79983172e-05],10,0.11107384505551823,0.06248131846919457
FM,[0.88888889 0.11111111],[1. 0.],10,0.1111018410367651,0.06249706678347386
GAC,[0.88888889 0.11111111],[1. 0.],10,0.1111018410367651,0.06249706678347386
GPAC,[0.88888889 0.11111111],[0.97873503 0.02126497],10,0.08983864626063556,0.05053608313502078
PWK,[0.88888889 0.11111111],[0.2 0.8],10,0.6888314144279437,0.387481814057538
ACC,[0.88888889 0.11111111],[1. 0.],10,0.1111018410367651,0.06249706678347386
MAX,[0.88888889 0.11111111],[1. 0.],10,0.1111018410367651,0.06249706678347386
MS,[0.88888889 0.11111111],[1. 0.],10,0.1111018410367651,0.06249706678347386
MS2,[0.88888889 0.11111111],[0.17152965 0.82847035],10,0.7172993875749766,0.4034956334718491
PACC,[0.88888889 0.11111111],[1. 0.],10,0.1111018410367651,0.06249706678347386
T50,[0.88888889 0.11111111],[0.79278484 0.20721516],10,0.09609602716868533,0.05405598837557041
X_method,[0.88888889 0.11111111],[0.45085103 0.54914897],10,0.43800130978980667,0.24638473002552866
DyS,[0.88888889 0.11111111],[0.12828727 0.87171273],10,0.7605381606310637,0.427818331116684
DySsyn,[0.88888889 0.11111111],[0.0991738 0.9008262],10,0.7896491990780546,0.4441938879659698
HDy,[0.88888889 0.11111111],[0.28 0.72],10,0.6088380888814728,0.3424839259734368
SMM,[0.88888889 0.11111111],[0.56824645 0.43175355],10,0.3206156847939598,0.1803529057431786
SORD,[0.88888889 0.11111111],[0.14 0.86],10,0.7488264085877969,0.4212302301206139
HDx,[0.88888889 0.11111111],[0.99 0.01],10,0.1011026753434563,0.05687233077296124
CC,[0.88888889 0.11111111],[0.2 0.8],30,0.6888314144279437,0.387481814057538
PCC,[0.88888889 0.11111111],[0.209 0.791],30,0.6798321653039658,0.38241955164807667
EMQ,[0.88888889 0.11111111],[0.78175771 0.21824229],30,0.10712224241994833,0.060258460850343414
FM,[0.88888889 0.11111111],[0.70426371 0.29573629],30,0.18460977930184153,0.1038467913604746
GAC,[0.88888889 0.11111111],[1. 0.],30,0.1111018410367651,0.06249706678347386
GPAC,[0.88888889 0.11111111],[1. 0.],30,0.1111018410367651,0.06249706678347386
PWK,[0.88888889 0.11111111],[0.1 0.9],30,0.7888230713610322,0.44372917416266444
ACC,[0.88888889 0.11111111],[1. 0.],30,0.1111018410367651,0.06249706678347386
MAX,[0.88888889 0.11111111],[1. 0.],30,0.1111018410367651,0.06249706678347386
MS,[0.88888889 0.11111111],[1. 0.],30,0.1111018410367651,0.06249706678347386
MS2,[0.88888889 0.11111111],[1. 0.],30,0.1111018410367651,0.06249706678347386
PACC,[0.88888889 0.11111111],[1. 0.],30,0.1111018410367651,0.06249706678347386
T50,[0.88888889 0.11111111],[0.93297702 0.06702298],30,0.04408445146183837,0.024798409111975096
X_method,[0.88888889 0.11111111],[1. 0.],30,0.1111018410367651,0.06249706678347386
DyS,[0.88888889 0.11111111],[0.57198399 0.42801601],30,0.3168784608704266,0.17825064055158238
DySsyn,[0.88888889 0.11111111],[4.45523940e-05 9.99955448e-01],30,0.8887701796171092,0.49995147472227547
HDy,[0.88888889 0.11111111],[0.93 0.07],30,0.041107681183603105,0.023123914709885337
SMM,[0.88888889 0.11111111],[1. 0.],30,0.1111018410367651,0.06249706678347386
SORD,[0.88888889 0.11111111],[1. 0.],30,0.1111018410367651,0.06249706678347386
HDx,[0.88888889 0.11111111],[0.95 0.05],30,0.0611060125702208,0.03437338673091062
CC,[0.88888889 0.11111111],[0.06 0.94],50,0.8288197341342678,0.4662281182047151
PCC,[0.88888889 0.11111111],[0.2226 0.7774],50,0.6662332999610656,0.37476991067377935
EMQ,[0.88888889 0.11111111],[0.29585919 0.70414081],50,0.5929802220317153,0.3335635502685484
FM,[0.88888889 0.11111111],[1.00000000e+00 5.55111512e-17],50,0.11110184103676507,0.062497066783473845
GAC,[0.88888889 0.11111111],[1. 0.],50,0.1111018410367651,0.06249706678347386
GPAC,[0.88888889 0.11111111],[1. 0.],50,0.1111018410367651,0.06249706678347386
PWK,[0.88888889 0.11111111],[0.04 0.96],50,0.8488180655208855,0.4774775902257403
ACC,[0.88888889 0.11111111],[1. 0.],50,0.1111018410367651,0.06249706678347386
MAX,[0.88888889 0.11111111],[1. 0.],50,0.1111018410367651,0.06249706678347386
MS,[0.88888889 0.11111111],[0.79240933 0.20759067],50,0.09647150498743465,0.0542672023581211
MS2,[0.88888889 0.11111111],[1. 0.],50,0.1111018410367651,0.06249706678347386
PACC,[0.88888889 0.11111111],[1. 0.],50,0.1111018410367651,0.06249706678347386
T50,[0.88888889 0.11111111],[1. 0.],50,0.1111018410367651,0.06249706678347386
X_method,[0.88888889 0.11111111],[1. 0.],50,0.1111018410367651,0.06249706678347386
DyS,[0.88888889 0.11111111],[0.42616157 0.57383843],50,0.4626887106868285,0.2602718999245495
DySsyn,[0.88888889 0.11111111],[4.45523940e-05 9.99955448e-01],50,0.8887701796171092,0.49995147472227547
HDy,[0.88888889 0.11111111],[1. 0.],50,0.1111018410367651,0.06249706678347386
SMM,[0.88888889 0.11111111],[0.91569196 0.08430804],50,0.026800834544532436,0.015076019719855097
SORD,[0.88888889 0.11111111],[1. 0.],50,0.1111018410367651,0.06249706678347386
HDx,[0.88888889 0.11111111],[0.99 0.01],50,0.1011026753434563,0.05687233077296124
CC,[0.88888889 0.11111111],[0.08571429 0.91428571],70,0.8031075937800449,0.45176451132053963
PCC,[0.88888889 0.11111111],[0.23714286 0.76285714],70,0.6516916561385107,0.36658993744706236
EMQ,[0.88888889 0.11111111],[0.7464982 0.2535018],70,0.14237880616845994,0.08009100186482929
FM,[0.88888889 0.11111111],[0.93957364 0.06042636],70,0.05068052091162237,0.02850883361137802
GAC,[0.88888889 0.11111111],[0.63581162 0.36418838],70,0.2530561572334397,0.1423492843233269
GPAC,[0.88888889 0.11111111],[0.79684358 0.20315642],70,0.09203762566174092,0.05177305419872159
PWK,[0.88888889 0.11111111],[0.08571429 0.91428571],70,0.8031075937800449,0.45176451132053963
ACC,[0.88888889 0.11111111],[0.86940192 0.13059808],70,0.019485339485620784,0.010960903543700266
MAX,[0.88888889 0.11111111],[0.83097004 0.16902996],70,0.057914013191645075,0.032577821540684476
MS,[0.88888889 0.11111111],[0.67692045 0.32307955],70,0.21195075324015378,0.11922665057975142
MS2,[0.88888889 0.11111111],[0.49843619 0.50156381],70,0.390420121970508,0.21961933491568805
PACC,[0.88888889 0.11111111],[1. 0.],70,0.1111018410367651,0.06249706678347386
T50,[0.88888889 0.11111111],[1. 0.],70,0.1111018410367651,0.06249706678347386
X_method,[0.88888889 0.11111111],[0.39654832 0.60345168],70,0.4922994950181152,0.276928574094792
DyS,[0.88888889 0.11111111],[9.99955448e-01 4.45523940e-05],70,0.1110572923597535,0.06247200723795843
DySsyn,[0.88888889 0.11111111],[0.06301456 0.93698544],70,0.8258054217195043,0.4645325055799937
HDy,[0.88888889 0.11111111],[0.605 0.395],70,0.2838652038489349,0.15968000563177573
SMM,[0.88888889 0.11111111],[0.76650148 0.23349852],70,0.1223771946952305,0.06883968472773648
SORD,[0.88888889 0.11111111],[1. 0.],70,0.1111018410367651,0.06249706678347386
HDx,[0.88888889 0.11111111],[0.95 0.05],70,0.0611060125702208,0.03437338673091062
CC,[0.88888889 0.11111111],[0.08888889 0.91111111],90,0.7999332554647087,0.4499788808410118
PCC,[0.88888889 0.11111111],[0.26644444 0.73355556],90,0.6223925134879582,0.35010856812102065
EMQ,[0.88888889 0.11111111],[0.72000465 0.27999535],90,0.16887015252078008,0.09499292812199381
FM,[0.88888889 0.11111111],[0.87320441 0.12679559],90,0.01568317332138472,0.008822107008281083
GAC,[0.88888889 0.11111111],[1. 0.],90,0.1111018410367651,0.06249706678347386
GPAC,[0.88888889 0.11111111],[0.83726391 0.16273609],90,0.0516206762924057,0.029037690316823746
PWK,[0.88888889 0.11111111],[0.16666667 0.83333333],90,0.7221619667389733,0.40623093409258015
ACC,[0.88888889 0.11111111],[0.61275996 0.38724004],90,0.27610589115833095,0.15531523292510152
MAX,[0.88888889 0.11111111],[9.99911826e-01 8.81742079e-05],90,0.11101367418531566,0.06244747111924629
MS,[0.88888889 0.11111111],[1. 0.],90,0.1111018410367651,0.06249706678347386
MS2,[0.88888889 0.11111111],[0.55292061 0.44707939],90,0.3359402443697635,0.18897328515632802
PACC,[0.88888889 0.11111111],[1. 0.],90,0.1111018410367651,0.06249706678347386
T50,[0.88888889 0.11111111],[0.97970774 0.02029226],90,0.09081127767201302,0.05108320827449032
X_method,[0.88888889 0.11111111],[0.70426371 0.29573629],90,0.18460977872436557,0.10384679103563252
DyS,[0.88888889 0.11111111],[9.99955448e-01 4.45523940e-05],90,0.1110572923597535,0.06247200723795843
DySsyn,[0.88888889 0.11111111],[4.45523940e-05 9.99955448e-01],90,0.8887701796171092,0.49995147472227547
HDy,[0.88888889 0.11111111],[0.57 0.43],90,0.31886228377551584,0.17936658166856997
SMM,[0.88888889 0.11111111],[0.63147887 0.36852113],90,0.257388540469904,0.14478633884856482
SORD,[0.88888889 0.11111111],[1. 0.],90,0.1111018410367651,0.06249706678347386
HDx,[0.88888889 0.11111111],[0.54 0.46],90,0.34885978085544245,0.19624078970010794
CC,[0.88888889 0.11111111],[0.08181818 0.91818182],110,0.8070033726215938,0.45395596690905105
PCC,[0.88888889 0.11111111],[0.27109091 0.72890909],110,0.6177464364991478,0.34749505441916617
EMQ,[0.88888889 0.11111111],[0.81006974 0.18993026],110,0.07881257760359069,0.04433369312250542
FM,[0.88888889 0.11111111],[0.86552632 0.13447368],110,0.02336062376607438,0.01314083052079068
GAC,[0.88888889 0.11111111],[1. 0.],110,0.1111018410367651,0.06249706678347386
GPAC,[0.88888889 0.11111111],[1. 0.],110,0.1111018410367651,0.06249706678347386
PWK,[0.88888889 0.11111111],[0.11818182 0.88181818],110,0.7706427701004708,0.43350238141627784
ACC,[0.88888889 0.11111111],[0.81690698 0.18309302],110,0.07197590687322121,0.0404879254626236
MAX,[0.88888889 0.11111111],[0.83097004 0.16902996],110,0.057914013191645075,0.032577821540684476
MS,[0.88888889 0.11111111],[1. 0.],110,0.1111018410367651,0.06249706678347386
MS2,[0.88888889 0.11111111],[0.69160824 0.30839176],110,0.19726419229514047,0.1109651584961385
PACC,[0.88888889 0.11111111],[1. 0.],110,0.1111018410367651,0.06249706678347386
T50,[0.88888889 0.11111111],[1. 0.],110,0.1111018410367651,0.06249706678347386
X_method,[0.88888889 0.11111111],[1. 0.],110,0.1111018410367651,0.06249706678347386
DyS,[0.88888889 0.11111111],[0.90810041 0.09189959],110,0.019209920484934348,0.010805974700769196
DySsyn,[0.88888889 0.11111111],[4.45523940e-05 9.99955448e-01],110,0.8887701796171092,0.49995147472227547
HDy,[0.88888889 0.11111111],[0.785 0.215],110,0.1038802213693754,0.05843475744254808
SMM,[0.88888889 0.11111111],[0.89862828 0.10137172],110,0.009738581243685006,0.005478151907144932
SORD,[0.88888889 0.11111111],[0.94 0.06],110,0.05110684687691196,0.02874865072039798
HDx,[0.88888889 0.11111111],[0.88 0.12],110,0.00888814728294117,0.004999765342677888
CC,[1. 0.],[0.1 0.9],10,0.8999249123977974,0.44998122731634055
PCC,[1. 0.],[0.308 0.692],10,0.691942265976973,0.34598556589211954
EMQ,[1. 0.],[9.99998847e-01 1.15267419e-06],10,1.1525780252614155e-06,5.763130537225533e-07
FM,[1. 0.],[0.83097153 0.16902847],10,0.1690143726343921,0.08451071170980867
GAC,[1. 0.],[1. 0.],10,0.0,0.0
GPAC,[1. 0.],[1. 0.],10,0.0,0.0
PWK,[1. 0.],[0.2 0.8],10,0.7999332554647087,0.39998331317008046
ACC,[1. 0.],[1. 0.],10,0.0,0.0
MAX,[1. 0.],[1. 0.],10,0.0,0.0
MS,[1. 0.],[1. 0.],10,0.0,0.0
MS2,[1. 0.],[0.55292061 0.44707939],10,0.44704208540652857,0.22353036734732182
PACC,[1. 0.],[1. 0.],10,0.0,0.0
T50,[1. 0.],[0.37220832 0.62779168],10,0.6277393040970216,0.3138827457722624
X_method,[1. 0.],[1. 0.],10,0.0,0.0
DyS,[1. 0.],[9.99955448e-01 4.45523940e-05],10,4.4548677011575674e-05,2.2275267726033376e-05
DySsyn,[1. 0.],[0.16881826 0.83118174],10,0.8311123922565844,0.41557353191720914
HDy,[1. 0.],[1. 0.],10,0.0,0.0
SMM,[1. 0.],[1. 0.],10,0.0,0.0
SORD,[1. 0.],[1. 0.],10,0.0,0.0
HDx,[1. 0.],[0.96 0.04],10,0.03999666277323538,0.019999165658503997
CC,[1. 0.],[0.1 0.9],30,0.8999249123977974,0.44998122731634055
PCC,[1. 0.],[0.28033333 0.71966667],30,0.7196066243951277,0.35981832213925163
EMQ,[1. 0.],[0.8891327 0.1108673],30,0.11085804660148263,0.055431335637452374
FM,[1. 0.],[1. 0.],30,0.0,0.0
GAC,[1. 0.],[0.57233044 0.42766956],30,0.4276338747125869,0.2138258571734624
GPAC,[1. 0.],[1. 0.],30,0.0,0.0
PWK,[1. 0.],[0.3 0.7],30,0.6999415985316202,0.3499853990238204
ACC,[1. 0.],[0.61275996 0.38724004],30,0.3872077321950961,0.19361194268451135
MAX,[1. 0.],[0.3241447 0.6758553],30,0.6757989163592923,0.3379135543566175
MS,[1. 0.],[0. 1.],30,0.9999165693308859,0.4999791414626006
MS2,[1. 0.],[1. 0.],30,0.0,0.0
PACC,[1. 0.],[1. 0.],30,0.0,0.0
T50,[1. 0.],[0.65259267 0.34740733],30,0.34737834683597413,0.17369641922222628
X_method,[1. 0.],[0.83097004 0.16902996],30,0.16901585422841015,0.08451145253772158
DyS,[1. 0.],[9.99955448e-01 4.45523940e-05],30,4.4548677011575674e-05,2.2275267726033376e-05
DySsyn,[1. 0.],[0.03632239 0.96367761],30,0.9635972067709244,0.4818187026138376
HDy,[1. 0.],[1. 0.],30,0.0,0.0
SMM,[1. 0.],[0.92434482 0.07565518],30,0.07564887095315245,0.03782601340138022
SORD,[1. 0.],[0.6 0.4],30,0.39996662773235436,0.19999165658504023
HDx,[1. 0.],[0.71 0.29],30,0.2899758051059569,0.14499395102415416
CC,[1. 0.],[0.1 0.9],50,0.8999249123977974,0.44998122731634055
PCC,[1. 0.],[0.2466 0.7534],50,0.7533371433338895,0.3766842851779233
EMQ,[1. 0.],[0.91255006 0.08744994],50,0.08744263995888388,0.04372314390501782
FM,[1. 0.],[0.90699372 0.09300628],50,0.0929985194695129,0.04650119954785289
GAC,[1. 0.],[1. 0.],50,0.0,0.0
GPAC,[1. 0.],[0.724087 0.275913],50,0.2758899756399912,0.1379507424813706
PWK,[1. 0.],[0.08 0.92],50,0.9199232437844151,0.4599808101455926
ACC,[1. 0.],[0.79240933 0.20759067],50,0.20757334602419975,0.10379100268850103
MAX,[1. 0.],[1. 0.],50,0.0,0.0
MS,[1. 0.],[1. 0.],50,0.0,0.0
MS2,[1. 0.],[1. 0.],50,0.0,0.0
PACC,[1. 0.],[1. 0.],50,0.0,0.0
T50,[1. 0.],[1. 0.],50,0.0,0.0
X_method,[1. 0.],[1. 0.],50,0.0,0.0
DyS,[1. 0.],[0.76256005 0.23743995],50,0.2374201427165218,0.11871502359518711
DySsyn,[1. 0.],[4.45523940e-05 9.99955448e-01],50,0.9998720206538743,0.4999568661948745
HDy,[1. 0.],[1. 0.],50,0.0,0.0
SMM,[1. 0.],[1. 0.],50,0.0,0.0
SORD,[1. 0.],[1. 0.],50,0.0,0.0
HDx,[1. 0.],[0.98 0.02],50,0.01999833138661769,0.009999582829251999
CC,[1. 0.],[0.15714286 0.84285714],70,0.8427868227217468,0.4214109906613348
PCC,[1. 0.],[0.278 0.722],70,0.7219397630568996,0.3609849401359976
EMQ,[1. 0.],[0.72161739 0.27838261],70,0.2783593872025849,0.13918549977098088
FM,[1. 0.],[1.00000000e+00 5.55111512e-17],70,2.7752187483839896e-17,1.3876672611960494e-17
GAC,[1. 0.],[1. 0.],70,0.0,0.0
GPAC,[1. 0.],[1. 0.],70,0.0,0.0
PWK,[1. 0.],[0.1 0.9],70,0.8999249123977974,0.44998122731634055
ACC,[1. 0.],[1. 0.],70,0.0,0.0
MAX,[1. 0.],[1. 0.],70,0.0,0.0
MS,[1. 0.],[1. 0.],70,0.0,0.0
MS2,[1. 0.],[1. 0.],70,0.0,0.0
PACC,[1. 0.],[1. 0.],70,0.0,0.0
T50,[1. 0.],[1. 0.],70,0.0,0.0
X_method,[1. 0.],[0.72236461 0.27763539],70,0.27761222468502755,0.13881190292748488
DyS,[1. 0.],[0.45752145 0.54247855],70,0.5424332882144278,0.2712279584722428
DySsyn,[1. 0.],[0.04671674 0.95328326],70,0.9532037297441343,0.47662174730771323
HDy,[1. 0.],[0.94 0.06],70,0.05999499415985313,0.029998748487756022
SMM,[1. 0.],[0.95762504 0.04237496],70,0.042371426572071186,0.02118659709202141
SORD,[1. 0.],[1. 0.],70,0.0,0.0
HDx,[1. 0.],[0.99 0.01],70,0.00999916569330879,0.0049997914146259715
CC,[1. 0.],[0.14444444 0.85555556],90,0.8554841759830913,0.42775993214022495
PCC,[1. 0.],[0.25488889 0.74511111],90,0.7450489459925468,0.3725400136275777
EMQ,[1. 0.],[0.80045196 0.19954804],90,0.19953139413671303,0.09976985900140346
FM,[1. 0.],[9.99911864e-01 8.81361122e-05],90,8.812875892143182e-05,4.406621769772983e-05
GAC,[1. 0.],[1. 0.],90,0.0,0.0
GPAC,[1. 0.],[1. 0.],90,0.0,0.0
PWK,[1. 0.],[0.08888889 0.91111111],90,0.9110350965014739,0.45553655111036945
ACC,[1. 0.],[1. 0.],90,0.0,0.0
MAX,[1. 0.],[0.7887346 0.2112654],90,0.21124777607265022,0.10562829435596285
MS,[1. 0.],[1. 0.],90,0.0,0.0
MS2,[1. 0.],[1. 0.],90,0.0,0.0
PACC,[1. 0.],[1. 0.],90,0.0,0.0
T50,[1. 0.],[0.88624629 0.11375371],90,0.11374421578510142,0.056874480430529624
X_method,[1. 0.],[0.95767638 0.04232362],90,0.04232008869568943,0.021160927082997518
DyS,[1. 0.],[9.99955448e-01 4.45523940e-05],90,4.4548677011575674e-05,2.2275267726033376e-05
DySsyn,[1. 0.],[0.03864394 0.96135606],90,0.9612758574354816,0.48065797952616424
HDy,[1. 0.],[0.825 0.175],90,0.17498539963290505,0.0874963497559551
SMM,[1. 0.],[0.76016239 0.23983761],90,0.2398175965664875,0.11991380052755075
SORD,[1. 0.],[1. 0.],90,0.0,0.0
HDx,[1. 0.],[0.98 0.02],90,0.01999833138661769,0.009999582829251999
CC,[1. 0.],[0.1 0.9],110,0.8999249123977974,0.44998122731634055
PCC,[1. 0.],[0.27672727 0.72327273],110,0.723212384145139,0.3616212772251319
EMQ,[1. 0.],[0.80013773 0.19986227],110,0.19984559215976166,0.09992696456663899
FM,[1. 0.],[0.93463645 0.06536355],110,0.06535809187314306,0.03268040921077522
GAC,[1. 0.],[1. 0.],110,0.0,0.0
GPAC,[1. 0.],[1. 0.],110,0.0,0.0
PWK,[1. 0.],[0.2 0.8],110,0.7999332554647087,0.39998331317008046
ACC,[1. 0.],[1. 0.],110,0.0,0.0
MAX,[1. 0.],[1. 0.],110,0.0,0.0
MS,[1. 0.],[1. 0.],110,0.0,0.0
MS2,[1. 0.],[1. 0.],110,0.0,0.0
PACC,[1. 0.],[1. 0.],110,0.0,0.0
T50,[1. 0.],[1. 0.],110,0.0,0.0
X_method,[1. 0.],[0.38173849 0.61826151],110,0.6182099320262375,0.3091178609681066
DyS,[1. 0.],[9.99955448e-01 4.45523940e-05],110,4.4548677011575674e-05,2.2275267726033376e-05
DySsyn,[1. 0.],[4.14894170e-04 9.99585106e-01],110,0.9995017097762153,0.49977170303190177
HDy,[1. 0.],[1. 0.],110,0.0,0.0
SMM,[1. 0.],[0.94764097 0.05235903],110,0.05235465988639562,0.026178421984829083
SORD,[1. 0.],[1. 0.],110,0.0,0.0
HDx,[1. 0.],[1. 0.],110,0.0,0.0
